Workbook

Sheet Dataset
A2: 01 Dataset
A4: Dog-Wolf (10 objects, 6 quantitative features, 2 classes) | J4: Experiment settings
A5: Object | B5: x1 | C5: x2 | D5: x3 | E5: x4 | F5: x5 | G5: x6 | H5: Class | J5: Setting | K5: Value
A6: S1 | B6: 129 | C6: 64 | D6: 95 | E6: 17.5 | F6: 11.2 | G6: 13.8 | H6: 1 | J6: Objects | K6: =COUNT(H6:H15) -> 10
A7: S2 | B7: 154 | C7: 74 | D7: 76 | E7: 20 | F7: 14.2 | G7: 16.5 | H7: 1 | J7: Features | K7: 6
A8: S3 | B8: 199 | C8: 105 | D8: 73 | E8: 23.4 | F8: 15 | G8: 19.1 | H8: 2 | J8: Class K1 | K8: =COUNTIFS(H6:H15,1) -> 6
A9: S4 | B9: 170 | C9: 87 | D9: 71 | E9: 17.9 | F9: 12.3 | G9: 15.9 | H9: 1 | J9: Class K2 | K9: =COUNTIFS(H6:H15,2) -> 4
A10: S5 | B10: 227 | C10: 117 | D10: 77 | E10: 25 | F10: 15.3 | G10: 18.6 | H10: 2 | J10: k max | K10: =MIN(K6-1,2*MIN(K8,K9)-3) -> 5
A11: S6 | B11: 188 | C11: 94 | D11: 73 | E11: 19.5 | F11: 13.3 | G11: 14.8 | H11: 1 | J11: Full k | K11: 1, 2, 3, 4, 5
A12: S7 | B12: 161 | C12: 81 | D12: 55 | E12: 17.1 | F12: 12.1 | G12: 13 | H12: 1 | J12: Reduced k | K12: 3, 5
A13: S8 | B13: 164 | C13: 90 | D13: 58 | E13: 17.5 | F13: 12.7 | G13: 14.7 | H13: 1 | J13: Normalization | K13: None and MinMax
A14: S9 | B14: 228 | C14: 122 | D14: 82 | E14: 24.7 | F14: 15 | G14: 18.5 | H14: 2
A15: S10 | B15: 232 | C15: 123 | D15: 83 | E15: 25.3 | F15: 16.8 | G15: 15.5 | H15: 2
A18: Min-max normalized dataset
A19: Object | B19: x1 | C19: x2 | D19: x3 | E19: x4 | F19: x5 | G19: x6 | H19: Class
A20: S1 | B20: =IF(MAX(B$6:B$15)=MIN(B$6:B$15),0,(B6-MIN(B$6:B$15))/(MAX(B$6:B$15)-MIN(B$6:B$15))) -> 0 | C20: =IF(MAX(C$6:C$15)=MIN(C$6:C$15),0,(C6-MIN(C$6:C$15))/(MAX(C$6:C$15)-MIN(C$6:C$15))) -> 0 | D20: =IF(MAX(D$6:D$15)=MIN(D$6:D$15),0,(D6-MIN(D$6:D$15))/(MAX(D$6:D$15)-MIN(D$6:D$15))) -> 1 | E20: =IF(MAX(E$6:E$15)=MIN(E$6:E$15),0,(E6-MIN(E$6:E$15))/(MAX(E$6:E$15)-MIN(E$6:E$15))) -> 0.048780488 | F20: =IF(MAX(F$6:F$15)=MIN(F$6:F$15),0,(F6-MIN(F$6:F$15))/(MAX(F$6:F$15)-MIN(F$6:F$15))) -> 0 | G20: =IF(MAX(G$6:G$15)=MIN(G$6:G$15),0,(G6-MIN(G$6:G$15))/(MAX(G$6:G$15)-MIN(G$6:G$15))) -> 0.13114754 | H20: 1
A21: S2 | B21: =IF(MAX(B$6:B$15)=MIN(B$6:B$15),0,(B7-MIN(B$6:B$15))/(MAX(B$6:B$15)-MIN(B$6:B$15))) -> 0.24271845 | C21: =IF(MAX(C$6:C$15)=MIN(C$6:C$15),0,(C7-MIN(C$6:C$15))/(MAX(C$6:C$15)-MIN(C$6:C$15))) -> 0.16949153 | D21: =IF(MAX(D$6:D$15)=MIN(D$6:D$15),0,(D7-MIN(D$6:D$15))/(MAX(D$6:D$15)-MIN(D$6:D$15))) -> 0.525 | E21: =IF(MAX(E$6:E$15)=MIN(E$6:E$15),0,(E7-MIN(E$6:E$15))/(MAX(E$6:E$15)-MIN(E$6:E$15))) -> 0.35365854 | F21: =IF(MAX(F$6:F$15)=MIN(F$6:F$15),0,(F7-MIN(F$6:F$15))/(MAX(F$6:F$15)-MIN(F$6:F$15))) -> 0.53571429 | G21: =IF(MAX(G$6:G$15)=MIN(G$6:G$15),0,(G7-MIN(G$6:G$15))/(MAX(G$6:G$15)-MIN(G$6:G$15))) -> 0.57377049 | H21: 1
A22: S3 | B22: =IF(MAX(B$6:B$15)=MIN(B$6:B$15),0,(B8-MIN(B$6:B$15))/(MAX(B$6:B$15)-MIN(B$6:B$15))) -> 0.67961165 | C22: =IF(MAX(C$6:C$15)=MIN(C$6:C$15),0,(C8-MIN(C$6:C$15))/(MAX(C$6:C$15)-MIN(C$6:C$15))) -> 0.69491525 | D22: =IF(MAX(D$6:D$15)=MIN(D$6:D$15),0,(D8-MIN(D$6:D$15))/(MAX(D$6:D$15)-MIN(D$6:D$15))) -> 0.45 | E22: =IF(MAX(E$6:E$15)=MIN(E$6:E$15),0,(E8-MIN(E$6:E$15))/(MAX(E$6:E$15)-MIN(E$6:E$15))) -> 0.76829268 | F22: =IF(MAX(F$6:F$15)=MIN(F$6:F$15),0,(F8-MIN(F$6:F$15))/(MAX(F$6:F$15)-MIN(F$6:F$15))) -> 0.67857143 | G22: =IF(MAX(G$6:G$15)=MIN(G$6:G$15),0,(G8-MIN(G$6:G$15))/(MAX(G$6:G$15)-MIN(G$6:G$15))) -> 1 | H22: 2
A23: S4 | B23: =IF(MAX(B$6:B$15)=MIN(B$6:B$15),0,(B9-MIN(B$6:B$15))/(MAX(B$6:B$15)-MIN(B$6:B$15))) -> 0.39805825 | C23: =IF(MAX(C$6:C$15)=MIN(C$6:C$15),0,(C9-MIN(C$6:C$15))/(MAX(C$6:C$15)-MIN(C$6:C$15))) -> 0.38983051 | D23: =IF(MAX(D$6:D$15)=MIN(D$6:D$15),0,(D9-MIN(D$6:D$15))/(MAX(D$6:D$15)-MIN(D$6:D$15))) -> 0.4 | E23: =IF(MAX(E$6:E$15)=MIN(E$6:E$15),0,(E9-MIN(E$6:E$15))/(MAX(E$6:E$15)-MIN(E$6:E$15))) -> 0.097560976 | F23: =IF(MAX(F$6:F$15)=MIN(F$6:F$15),0,(F9-MIN(F$6:F$15))/(MAX(F$6:F$15)-MIN(F$6:F$15))) -> 0.19642857 | G23: =IF(MAX(G$6:G$15)=MIN(G$6:G$15),0,(G9-MIN(G$6:G$15))/(MAX(G$6:G$15)-MIN(G$6:G$15))) -> 0.47540984 | H23: 1
A24: S5 | B24: =IF(MAX(B$6:B$15)=MIN(B$6:B$15),0,(B10-MIN(B$6:B$15))/(MAX(B$6:B$15)-MIN(B$6:B$15))) -> 0.95145631 | C24: =IF(MAX(C$6:C$15)=MIN(C$6:C$15),0,(C10-MIN(C$6:C$15))/(MAX(C$6:C$15)-MIN(C$6:C$15))) -> 0.89830508 | D24: =IF(MAX(D$6:D$15)=MIN(D$6:D$15),0,(D10-MIN(D$6:D$15))/(MAX(D$6:D$15)-MIN(D$6:D$15))) -> 0.55 | E24: =IF(MAX(E$6:E$15)=MIN(E$6:E$15),0,(E10-MIN(E$6:E$15))/(MAX(E$6:E$15)-MIN(E$6:E$15))) -> 0.96341463 | F24: =IF(MAX(F$6:F$15)=MIN(F$6:F$15),0,(F10-MIN(F$6:F$15))/(MAX(F$6:F$15)-MIN(F$6:F$15))) -> 0.73214286 | G24: =IF(MAX(G$6:G$15)=MIN(G$6:G$15),0,(G10-MIN(G$6:G$15))/(MAX(G$6:G$15)-MIN(G$6:G$15))) -> 0.91803279 | H24: 2
A25: S6 | B25: =IF(MAX(B$6:B$15)=MIN(B$6:B$15),0,(B11-MIN(B$6:B$15))/(MAX(B$6:B$15)-MIN(B$6:B$15))) -> 0.57281553 | C25: =IF(MAX(C$6:C$15)=MIN(C$6:C$15),0,(C11-MIN(C$6:C$15))/(MAX(C$6:C$15)-MIN(C$6:C$15))) -> 0.50847458 | D25: =IF(MAX(D$6:D$15)=MIN(D$6:D$15),0,(D11-MIN(D$6:D$15))/(MAX(D$6:D$15)-MIN(D$6:D$15))) -> 0.45 | E25: =IF(MAX(E$6:E$15)=MIN(E$6:E$15),0,(E11-MIN(E$6:E$15))/(MAX(E$6:E$15)-MIN(E$6:E$15))) -> 0.29268293 | F25: =IF(MAX(F$6:F$15)=MIN(F$6:F$15),0,(F11-MIN(F$6:F$15))/(MAX(F$6:F$15)-MIN(F$6:F$15))) -> 0.375 | G25: =IF(MAX(G$6:G$15)=MIN(G$6:G$15),0,(G11-MIN(G$6:G$15))/(MAX(G$6:G$15)-MIN(G$6:G$15))) -> 0.29508197 | H25: 1
A26: S7 | B26: =IF(MAX(B$6:B$15)=MIN(B$6:B$15),0,(B12-MIN(B$6:B$15))/(MAX(B$6:B$15)-MIN(B$6:B$15))) -> 0.31067961 | C26: =IF(MAX(C$6:C$15)=MIN(C$6:C$15),0,(C12-MIN(C$6:C$15))/(MAX(C$6:C$15)-MIN(C$6:C$15))) -> 0.28813559 | D26: =IF(MAX(D$6:D$15)=MIN(D$6:D$15),0,(D12-MIN(D$6:D$15))/(MAX(D$6:D$15)-MIN(D$6:D$15))) -> 0 | E26: =IF(MAX(E$6:E$15)=MIN(E$6:E$15),0,(E12-MIN(E$6:E$15))/(MAX(E$6:E$15)-MIN(E$6:E$15))) -> 0 | F26: =IF(MAX(F$6:F$15)=MIN(F$6:F$15),0,(F12-MIN(F$6:F$15))/(MAX(F$6:F$15)-MIN(F$6:F$15))) -> 0.16071429 | G26: =IF(MAX(G$6:G$15)=MIN(G$6:G$15),0,(G12-MIN(G$6:G$15))/(MAX(G$6:G$15)-MIN(G$6:G$15))) -> 0 | H26: 1
A27: S8 | B27: =IF(MAX(B$6:B$15)=MIN(B$6:B$15),0,(B13-MIN(B$6:B$15))/(MAX(B$6:B$15)-MIN(B$6:B$15))) -> 0.33980583 | C27: =IF(MAX(C$6:C$15)=MIN(C$6:C$15),0,(C13-MIN(C$6:C$15))/(MAX(C$6:C$15)-MIN(C$6:C$15))) -> 0.44067797 | D27: =IF(MAX(D$6:D$15)=MIN(D$6:D$15),0,(D13-MIN(D$6:D$15))/(MAX(D$6:D$15)-MIN(D$6:D$15))) -> 0.075 | E27: =IF(MAX(E$6:E$15)=MIN(E$6:E$15),0,(E13-MIN(E$6:E$15))/(MAX(E$6:E$15)-MIN(E$6:E$15))) -> 0.048780488 | F27: =IF(MAX(F$6:F$15)=MIN(F$6:F$15),0,(F13-MIN(F$6:F$15))/(MAX(F$6:F$15)-MIN(F$6:F$15))) -> 0.26785714 | G27: =IF(MAX(G$6:G$15)=MIN(G$6:G$15),0,(G13-MIN(G$6:G$15))/(MAX(G$6:G$15)-MIN(G$6:G$15))) -> 0.27868852 | H27: 1
A28: S9 | B28: =IF(MAX(B$6:B$15)=MIN(B$6:B$15),0,(B14-MIN(B$6:B$15))/(MAX(B$6:B$15)-MIN(B$6:B$15))) -> 0.96116505 | C28: =IF(MAX(C$6:C$15)=MIN(C$6:C$15),0,(C14-MIN(C$6:C$15))/(MAX(C$6:C$15)-MIN(C$6:C$15))) -> 0.98305085 | D28: =IF(MAX(D$6:D$15)=MIN(D$6:D$15),0,(D14-MIN(D$6:D$15))/(MAX(D$6:D$15)-MIN(D$6:D$15))) -> 0.675 | E28: =IF(MAX(E$6:E$15)=MIN(E$6:E$15),0,(E14-MIN(E$6:E$15))/(MAX(E$6:E$15)-MIN(E$6:E$15))) -> 0.92682927 | F28: =IF(MAX(F$6:F$15)=MIN(F$6:F$15),0,(F14-MIN(F$6:F$15))/(MAX(F$6:F$15)-MIN(F$6:F$15))) -> 0.67857143 | G28: =IF(MAX(G$6:G$15)=MIN(G$6:G$15),0,(G14-MIN(G$6:G$15))/(MAX(G$6:G$15)-MIN(G$6:G$15))) -> 0.90163934 | H28: 2
A29: S10 | B29: =IF(MAX(B$6:B$15)=MIN(B$6:B$15),0,(B15-MIN(B$6:B$15))/(MAX(B$6:B$15)-MIN(B$6:B$15))) -> 1 | C29: =IF(MAX(C$6:C$15)=MIN(C$6:C$15),0,(C15-MIN(C$6:C$15))/(MAX(C$6:C$15)-MIN(C$6:C$15))) -> 1 | D29: =IF(MAX(D$6:D$15)=MIN(D$6:D$15),0,(D15-MIN(D$6:D$15))/(MAX(D$6:D$15)-MIN(D$6:D$15))) -> 0.7 | E29: =IF(MAX(E$6:E$15)=MIN(E$6:E$15),0,(E15-MIN(E$6:E$15))/(MAX(E$6:E$15)-MIN(E$6:E$15))) -> 1 | F29: =IF(MAX(F$6:F$15)=MIN(F$6:F$15),0,(F15-MIN(F$6:F$15))/(MAX(F$6:F$15)-MIN(F$6:F$15))) -> 1 | G29: =IF(MAX(G$6:G$15)=MIN(G$6:G$15),0,(G15-MIN(G$6:G$15))/(MAX(G$6:G$15)-MIN(G$6:G$15))) -> 0.40983607 | H29: 2
A32: Source: original Codex experiment workbook, Dataset!B3:H12. All recorded measurements and class assignments are preserved.
A33: Workflow follows the project’s 11 result tabs, with all four metrics and paired None / MinMax analysis.
A34: Neighbor order, observed groups and PCA coordinates are project outputs for this recorded experiment. Formula-linked calculations show the remaining steps.
A35: Neighbors exclude the target and resolve equal distances by original index. b(k) = 1 only when a(k) / k > 0.5. Distances retain full precision.

Sheet Distances
A2: 02 Distances
A4: Euclidean (None)
A5: Object | B5: S1 | C5: S2 | D5: S3 | E5: S4 | F5: S5 | G5: S6 | H5: S7 | I5: S8 | J5: S9 | K5: S10
A6: S1 | B6: =SQRT(SUM((Dataset!B6-Dataset!B6)^2,(Dataset!C6-Dataset!C6)^2,(Dataset!D6-Dataset!D6)^2,(Dataset!E6-Dataset!E6)^2,(Dataset!F6-Dataset!F6)^2,(Dataset!G6-Dataset!G6)^2)) -> 0 | C6: =SQRT(SUM((Dataset!B6-Dataset!B7)^2,(Dataset!C6-Dataset!C7)^2,(Dataset!D6-Dataset!D7)^2,(Dataset!E6-Dataset!E7)^2,(Dataset!F6-Dataset!F7)^2,(Dataset!G6-Dataset!G7)^2)) -> 33.294744 | D6: =SQRT(SUM((Dataset!B6-Dataset!B8)^2,(Dataset!C6-Dataset!C8)^2,(Dataset!D6-Dataset!D8)^2,(Dataset!E6-Dataset!E8)^2,(Dataset!F6-Dataset!F8)^2,(Dataset!G6-Dataset!G8)^2)) -> 84.512366 | E6: =SQRT(SUM((Dataset!B6-Dataset!B9)^2,(Dataset!C6-Dataset!C9)^2,(Dataset!D6-Dataset!D9)^2,(Dataset!E6-Dataset!E9)^2,(Dataset!F6-Dataset!F9)^2,(Dataset!G6-Dataset!G9)^2)) -> 52.837297 | F6: =SQRT(SUM((Dataset!B6-Dataset!B10)^2,(Dataset!C6-Dataset!C10)^2,(Dataset!D6-Dataset!D10)^2,(Dataset!E6-Dataset!E10)^2,(Dataset!F6-Dataset!F10)^2,(Dataset!G6-Dataset!G10)^2)) -> 113.28327 | G6: =SQRT(SUM((Dataset!B6-Dataset!B11)^2,(Dataset!C6-Dataset!C11)^2,(Dataset!D6-Dataset!D11)^2,(Dataset!E6-Dataset!E11)^2,(Dataset!F6-Dataset!F11)^2,(Dataset!G6-Dataset!G11)^2)) -> 69.816975 | H6: =SQRT(SUM((Dataset!B6-Dataset!B12)^2,(Dataset!C6-Dataset!C12)^2,(Dataset!D6-Dataset!D12)^2,(Dataset!E6-Dataset!E12)^2,(Dataset!F6-Dataset!F12)^2,(Dataset!G6-Dataset!G12)^2)) -> 53.987128 | I6: =SQRT(SUM((Dataset!B6-Dataset!B13)^2,(Dataset!C6-Dataset!C13)^2,(Dataset!D6-Dataset!D13)^2,(Dataset!E6-Dataset!E13)^2,(Dataset!F6-Dataset!F13)^2,(Dataset!G6-Dataset!G13)^2)) -> 57.210663 | J6: =SQRT(SUM((Dataset!B6-Dataset!B14)^2,(Dataset!C6-Dataset!C14)^2,(Dataset!D6-Dataset!D14)^2,(Dataset!E6-Dataset!E14)^2,(Dataset!F6-Dataset!F14)^2,(Dataset!G6-Dataset!G14)^2)) -> 115.85495 | K6: =SQRT(SUM((Dataset!B6-Dataset!B15)^2,(Dataset!C6-Dataset!C15)^2,(Dataset!D6-Dataset!D15)^2,(Dataset!E6-Dataset!E15)^2,(Dataset!F6-Dataset!F15)^2,(Dataset!G6-Dataset!G15)^2)) -> 119.70418
A7: S2 | B7: =SQRT(SUM((Dataset!B7-Dataset!B6)^2,(Dataset!C7-Dataset!C6)^2,(Dataset!D7-Dataset!D6)^2,(Dataset!E7-Dataset!E6)^2,(Dataset!F7-Dataset!F6)^2,(Dataset!G7-Dataset!G6)^2)) -> 33.294744 | C7: =SQRT(SUM((Dataset!B7-Dataset!B7)^2,(Dataset!C7-Dataset!C7)^2,(Dataset!D7-Dataset!D7)^2,(Dataset!E7-Dataset!E7)^2,(Dataset!F7-Dataset!F7)^2,(Dataset!G7-Dataset!G7)^2)) -> 0 | D7: =SQRT(SUM((Dataset!B7-Dataset!B8)^2,(Dataset!C7-Dataset!C8)^2,(Dataset!D7-Dataset!D8)^2,(Dataset!E7-Dataset!E8)^2,(Dataset!F7-Dataset!F8)^2,(Dataset!G7-Dataset!G8)^2)) -> 54.899545 | E7: =SQRT(SUM((Dataset!B7-Dataset!B9)^2,(Dataset!C7-Dataset!C9)^2,(Dataset!D7-Dataset!D9)^2,(Dataset!E7-Dataset!E9)^2,(Dataset!F7-Dataset!F9)^2,(Dataset!G7-Dataset!G9)^2)) -> 21.409811 | F7: =SQRT(SUM((Dataset!B7-Dataset!B10)^2,(Dataset!C7-Dataset!C10)^2,(Dataset!D7-Dataset!D10)^2,(Dataset!E7-Dataset!E10)^2,(Dataset!F7-Dataset!F10)^2,(Dataset!G7-Dataset!G10)^2)) -> 84.909481 | G7: =SQRT(SUM((Dataset!B7-Dataset!B11)^2,(Dataset!C7-Dataset!C11)^2,(Dataset!D7-Dataset!D11)^2,(Dataset!E7-Dataset!E11)^2,(Dataset!F7-Dataset!F11)^2,(Dataset!G7-Dataset!G11)^2)) -> 39.609973 | H7: =SQRT(SUM((Dataset!B7-Dataset!B12)^2,(Dataset!C7-Dataset!C12)^2,(Dataset!D7-Dataset!D12)^2,(Dataset!E7-Dataset!E12)^2,(Dataset!F7-Dataset!F12)^2,(Dataset!G7-Dataset!G12)^2)) -> 23.750158 | I7: =SQRT(SUM((Dataset!B7-Dataset!B13)^2,(Dataset!C7-Dataset!C13)^2,(Dataset!D7-Dataset!D13)^2,(Dataset!E7-Dataset!E13)^2,(Dataset!F7-Dataset!F13)^2,(Dataset!G7-Dataset!G13)^2)) -> 26.300951 | J7: =SQRT(SUM((Dataset!B7-Dataset!B14)^2,(Dataset!C7-Dataset!C14)^2,(Dataset!D7-Dataset!D14)^2,(Dataset!E7-Dataset!E14)^2,(Dataset!F7-Dataset!F14)^2,(Dataset!G7-Dataset!G14)^2)) -> 88.559189 | K7: =SQRT(SUM((Dataset!B7-Dataset!B15)^2,(Dataset!C7-Dataset!C15)^2,(Dataset!D7-Dataset!D15)^2,(Dataset!E7-Dataset!E15)^2,(Dataset!F7-Dataset!F15)^2,(Dataset!G7-Dataset!G15)^2)) -> 92.573484
A8: S3 | B8: =SQRT(SUM((Dataset!B8-Dataset!B6)^2,(Dataset!C8-Dataset!C6)^2,(Dataset!D8-Dataset!D6)^2,(Dataset!E8-Dataset!E6)^2,(Dataset!F8-Dataset!F6)^2,(Dataset!G8-Dataset!G6)^2)) -> 84.512366 | C8: =SQRT(SUM((Dataset!B8-Dataset!B7)^2,(Dataset!C8-Dataset!C7)^2,(Dataset!D8-Dataset!D7)^2,(Dataset!E8-Dataset!E7)^2,(Dataset!F8-Dataset!F7)^2,(Dataset!G8-Dataset!G7)^2)) -> 54.899545 | D8: =SQRT(SUM((Dataset!B8-Dataset!B8)^2,(Dataset!C8-Dataset!C8)^2,(Dataset!D8-Dataset!D8)^2,(Dataset!E8-Dataset!E8)^2,(Dataset!F8-Dataset!F8)^2,(Dataset!G8-Dataset!G8)^2)) -> 0 | E8: =SQRT(SUM((Dataset!B8-Dataset!B9)^2,(Dataset!C8-Dataset!C9)^2,(Dataset!D8-Dataset!D9)^2,(Dataset!E8-Dataset!E9)^2,(Dataset!F8-Dataset!F9)^2,(Dataset!G8-Dataset!G9)^2)) -> 34.882374 | F8: =SQRT(SUM((Dataset!B8-Dataset!B10)^2,(Dataset!C8-Dataset!C10)^2,(Dataset!D8-Dataset!D10)^2,(Dataset!E8-Dataset!E10)^2,(Dataset!F8-Dataset!F10)^2,(Dataset!G8-Dataset!G10)^2)) -> 30.77174 | G8: =SQRT(SUM((Dataset!B8-Dataset!B11)^2,(Dataset!C8-Dataset!C11)^2,(Dataset!D8-Dataset!D11)^2,(Dataset!E8-Dataset!E11)^2,(Dataset!F8-Dataset!F11)^2,(Dataset!G8-Dataset!G11)^2)) -> 16.691016 | H8: =SQRT(SUM((Dataset!B8-Dataset!B12)^2,(Dataset!C8-Dataset!C12)^2,(Dataset!D8-Dataset!D12)^2,(Dataset!E8-Dataset!E12)^2,(Dataset!F8-Dataset!F12)^2,(Dataset!G8-Dataset!G12)^2)) -> 49.288031 | I8: =SQRT(SUM((Dataset!B8-Dataset!B13)^2,(Dataset!C8-Dataset!C13)^2,(Dataset!D8-Dataset!D13)^2,(Dataset!E8-Dataset!E13)^2,(Dataset!F8-Dataset!F13)^2,(Dataset!G8-Dataset!G13)^2)) -> 41.646849 | J8: =SQRT(SUM((Dataset!B8-Dataset!B14)^2,(Dataset!C8-Dataset!C14)^2,(Dataset!D8-Dataset!D14)^2,(Dataset!E8-Dataset!E14)^2,(Dataset!F8-Dataset!F14)^2,(Dataset!G8-Dataset!G14)^2)) -> 34.828867 | K8: =SQRT(SUM((Dataset!B8-Dataset!B15)^2,(Dataset!C8-Dataset!C15)^2,(Dataset!D8-Dataset!D15)^2,(Dataset!E8-Dataset!E15)^2,(Dataset!F8-Dataset!F15)^2,(Dataset!G8-Dataset!G15)^2)) -> 39.151117
A9: S4 | B9: =SQRT(SUM((Dataset!B9-Dataset!B6)^2,(Dataset!C9-Dataset!C6)^2,(Dataset!D9-Dataset!D6)^2,(Dataset!E9-Dataset!E6)^2,(Dataset!F9-Dataset!F6)^2,(Dataset!G9-Dataset!G6)^2)) -> 52.837297 | C9: =SQRT(SUM((Dataset!B9-Dataset!B7)^2,(Dataset!C9-Dataset!C7)^2,(Dataset!D9-Dataset!D7)^2,(Dataset!E9-Dataset!E7)^2,(Dataset!F9-Dataset!F7)^2,(Dataset!G9-Dataset!G7)^2)) -> 21.409811 | D9: =SQRT(SUM((Dataset!B9-Dataset!B8)^2,(Dataset!C9-Dataset!C8)^2,(Dataset!D9-Dataset!D8)^2,(Dataset!E9-Dataset!E8)^2,(Dataset!F9-Dataset!F8)^2,(Dataset!G9-Dataset!G8)^2)) -> 34.882374 | E9: =SQRT(SUM((Dataset!B9-Dataset!B9)^2,(Dataset!C9-Dataset!C9)^2,(Dataset!D9-Dataset!D9)^2,(Dataset!E9-Dataset!E9)^2,(Dataset!F9-Dataset!F9)^2,(Dataset!G9-Dataset!G9)^2)) -> 0 | F9: =SQRT(SUM((Dataset!B9-Dataset!B10)^2,(Dataset!C9-Dataset!C10)^2,(Dataset!D9-Dataset!D10)^2,(Dataset!E9-Dataset!E10)^2,(Dataset!F9-Dataset!F10)^2,(Dataset!G9-Dataset!G10)^2)) -> 65.205061 | G9: =SQRT(SUM((Dataset!B9-Dataset!B11)^2,(Dataset!C9-Dataset!C11)^2,(Dataset!D9-Dataset!D11)^2,(Dataset!E9-Dataset!E11)^2,(Dataset!F9-Dataset!F11)^2,(Dataset!G9-Dataset!G11)^2)) -> 19.538935 | H9: =SQRT(SUM((Dataset!B9-Dataset!B12)^2,(Dataset!C9-Dataset!C12)^2,(Dataset!D9-Dataset!D12)^2,(Dataset!E9-Dataset!E12)^2,(Dataset!F9-Dataset!F12)^2,(Dataset!G9-Dataset!G12)^2)) -> 19.547123 | I9: =SQRT(SUM((Dataset!B9-Dataset!B13)^2,(Dataset!C9-Dataset!C13)^2,(Dataset!D9-Dataset!D13)^2,(Dataset!E9-Dataset!E13)^2,(Dataset!F9-Dataset!F13)^2,(Dataset!G9-Dataset!G13)^2)) -> 14.688771 | J9: =SQRT(SUM((Dataset!B9-Dataset!B14)^2,(Dataset!C9-Dataset!C14)^2,(Dataset!D9-Dataset!D14)^2,(Dataset!E9-Dataset!E14)^2,(Dataset!F9-Dataset!F14)^2,(Dataset!G9-Dataset!G14)^2)) -> 69.067286 | K9: =SQRT(SUM((Dataset!B9-Dataset!B15)^2,(Dataset!C9-Dataset!C15)^2,(Dataset!D9-Dataset!D15)^2,(Dataset!E9-Dataset!E15)^2,(Dataset!F9-Dataset!F15)^2,(Dataset!G9-Dataset!G15)^2)) -> 73.206352
A10: S5 | B10: =SQRT(SUM((Dataset!B10-Dataset!B6)^2,(Dataset!C10-Dataset!C6)^2,(Dataset!D10-Dataset!D6)^2,(Dataset!E10-Dataset!E6)^2,(Dataset!F10-Dataset!F6)^2,(Dataset!G10-Dataset!G6)^2)) -> 113.28327 | C10: =SQRT(SUM((Dataset!B10-Dataset!B7)^2,(Dataset!C10-Dataset!C7)^2,(Dataset!D10-Dataset!D7)^2,(Dataset!E10-Dataset!E7)^2,(Dataset!F10-Dataset!F7)^2,(Dataset!G10-Dataset!G7)^2)) -> 84.909481 | D10: =SQRT(SUM((Dataset!B10-Dataset!B8)^2,(Dataset!C10-Dataset!C8)^2,(Dataset!D10-Dataset!D8)^2,(Dataset!E10-Dataset!E8)^2,(Dataset!F10-Dataset!F8)^2,(Dataset!G10-Dataset!G8)^2)) -> 30.77174 | E10: =SQRT(SUM((Dataset!B10-Dataset!B9)^2,(Dataset!C10-Dataset!C9)^2,(Dataset!D10-Dataset!D9)^2,(Dataset!E10-Dataset!E9)^2,(Dataset!F10-Dataset!F9)^2,(Dataset!G10-Dataset!G9)^2)) -> 65.205061 | F10: =SQRT(SUM((Dataset!B10-Dataset!B10)^2,(Dataset!C10-Dataset!C10)^2,(Dataset!D10-Dataset!D10)^2,(Dataset!E10-Dataset!E10)^2,(Dataset!F10-Dataset!F10)^2,(Dataset!G10-Dataset!G10)^2)) -> 0 | G10: =SQRT(SUM((Dataset!B10-Dataset!B11)^2,(Dataset!C10-Dataset!C11)^2,(Dataset!D10-Dataset!D11)^2,(Dataset!E10-Dataset!E11)^2,(Dataset!F10-Dataset!F11)^2,(Dataset!G10-Dataset!G11)^2)) -> 45.985759 | H10: =SQRT(SUM((Dataset!B10-Dataset!B12)^2,(Dataset!C10-Dataset!C12)^2,(Dataset!D10-Dataset!D12)^2,(Dataset!E10-Dataset!E12)^2,(Dataset!F10-Dataset!F12)^2,(Dataset!G10-Dataset!G12)^2)) -> 78.993734 | I10: =SQRT(SUM((Dataset!B10-Dataset!B13)^2,(Dataset!C10-Dataset!C13)^2,(Dataset!D10-Dataset!D13)^2,(Dataset!E10-Dataset!E13)^2,(Dataset!F10-Dataset!F13)^2,(Dataset!G10-Dataset!G13)^2)) -> 71.674403 | J10: =SQRT(SUM((Dataset!B10-Dataset!B14)^2,(Dataset!C10-Dataset!C14)^2,(Dataset!D10-Dataset!D14)^2,(Dataset!E10-Dataset!E14)^2,(Dataset!F10-Dataset!F14)^2,(Dataset!G10-Dataset!G14)^2)) -> 7.1547187 | K10: =SQRT(SUM((Dataset!B10-Dataset!B15)^2,(Dataset!C10-Dataset!C15)^2,(Dataset!D10-Dataset!D15)^2,(Dataset!E10-Dataset!E15)^2,(Dataset!F10-Dataset!F15)^2,(Dataset!G10-Dataset!G15)^2)) -> 10.437912
A11: S6 | B11: =SQRT(SUM((Dataset!B11-Dataset!B6)^2,(Dataset!C11-Dataset!C6)^2,(Dataset!D11-Dataset!D6)^2,(Dataset!E11-Dataset!E6)^2,(Dataset!F11-Dataset!F6)^2,(Dataset!G11-Dataset!G6)^2)) -> 69.816975 | C11: =SQRT(SUM((Dataset!B11-Dataset!B7)^2,(Dataset!C11-Dataset!C7)^2,(Dataset!D11-Dataset!D7)^2,(Dataset!E11-Dataset!E7)^2,(Dataset!F11-Dataset!F7)^2,(Dataset!G11-Dataset!G7)^2)) -> 39.609973 | D11: =SQRT(SUM((Dataset!B11-Dataset!B8)^2,(Dataset!C11-Dataset!C8)^2,(Dataset!D11-Dataset!D8)^2,(Dataset!E11-Dataset!E8)^2,(Dataset!F11-Dataset!F8)^2,(Dataset!G11-Dataset!G8)^2)) -> 16.691016 | E11: =SQRT(SUM((Dataset!B11-Dataset!B9)^2,(Dataset!C11-Dataset!C9)^2,(Dataset!D11-Dataset!D9)^2,(Dataset!E11-Dataset!E9)^2,(Dataset!F11-Dataset!F9)^2,(Dataset!G11-Dataset!G9)^2)) -> 19.538935 | F11: =SQRT(SUM((Dataset!B11-Dataset!B10)^2,(Dataset!C11-Dataset!C10)^2,(Dataset!D11-Dataset!D10)^2,(Dataset!E11-Dataset!E10)^2,(Dataset!F11-Dataset!F10)^2,(Dataset!G11-Dataset!G10)^2)) -> 45.985759 | G11: =SQRT(SUM((Dataset!B11-Dataset!B11)^2,(Dataset!C11-Dataset!C11)^2,(Dataset!D11-Dataset!D11)^2,(Dataset!E11-Dataset!E11)^2,(Dataset!F11-Dataset!F11)^2,(Dataset!G11-Dataset!G11)^2)) -> 0 | H11: =SQRT(SUM((Dataset!B11-Dataset!B12)^2,(Dataset!C11-Dataset!C12)^2,(Dataset!D11-Dataset!D12)^2,(Dataset!E11-Dataset!E12)^2,(Dataset!F11-Dataset!F12)^2,(Dataset!G11-Dataset!G12)^2)) -> 35.106125 | I11: =SQRT(SUM((Dataset!B11-Dataset!B13)^2,(Dataset!C11-Dataset!C13)^2,(Dataset!D11-Dataset!D13)^2,(Dataset!E11-Dataset!E13)^2,(Dataset!F11-Dataset!F13)^2,(Dataset!G11-Dataset!G13)^2)) -> 28.659553 | J11: =SQRT(SUM((Dataset!B11-Dataset!B14)^2,(Dataset!C11-Dataset!C14)^2,(Dataset!D11-Dataset!D14)^2,(Dataset!E11-Dataset!E14)^2,(Dataset!F11-Dataset!F14)^2,(Dataset!G11-Dataset!G14)^2)) -> 50.086126 | K11: =SQRT(SUM((Dataset!B11-Dataset!B15)^2,(Dataset!C11-Dataset!C15)^2,(Dataset!D11-Dataset!D15)^2,(Dataset!E11-Dataset!E15)^2,(Dataset!F11-Dataset!F15)^2,(Dataset!G11-Dataset!G15)^2)) -> 54.06829
A12: S7 | B12: =SQRT(SUM((Dataset!B12-Dataset!B6)^2,(Dataset!C12-Dataset!C6)^2,(Dataset!D12-Dataset!D6)^2,(Dataset!E12-Dataset!E6)^2,(Dataset!F12-Dataset!F6)^2,(Dataset!G12-Dataset!G6)^2)) -> 53.987128 | C12: =SQRT(SUM((Dataset!B12-Dataset!B7)^2,(Dataset!C12-Dataset!C7)^2,(Dataset!D12-Dataset!D7)^2,(Dataset!E12-Dataset!E7)^2,(Dataset!F12-Dataset!F7)^2,(Dataset!G12-Dataset!G7)^2)) -> 23.750158 | D12: =SQRT(SUM((Dataset!B12-Dataset!B8)^2,(Dataset!C12-Dataset!C8)^2,(Dataset!D12-Dataset!D8)^2,(Dataset!E12-Dataset!E8)^2,(Dataset!F12-Dataset!F8)^2,(Dataset!G12-Dataset!G8)^2)) -> 49.288031 | E12: =SQRT(SUM((Dataset!B12-Dataset!B9)^2,(Dataset!C12-Dataset!C9)^2,(Dataset!D12-Dataset!D9)^2,(Dataset!E12-Dataset!E9)^2,(Dataset!F12-Dataset!F9)^2,(Dataset!G12-Dataset!G9)^2)) -> 19.547123 | F12: =SQRT(SUM((Dataset!B12-Dataset!B10)^2,(Dataset!C12-Dataset!C10)^2,(Dataset!D12-Dataset!D10)^2,(Dataset!E12-Dataset!E10)^2,(Dataset!F12-Dataset!F10)^2,(Dataset!G12-Dataset!G10)^2)) -> 78.993734 | G12: =SQRT(SUM((Dataset!B12-Dataset!B11)^2,(Dataset!C12-Dataset!C11)^2,(Dataset!D12-Dataset!D11)^2,(Dataset!E12-Dataset!E11)^2,(Dataset!F12-Dataset!F11)^2,(Dataset!G12-Dataset!G11)^2)) -> 35.106125 | H12: =SQRT(SUM((Dataset!B12-Dataset!B12)^2,(Dataset!C12-Dataset!C12)^2,(Dataset!D12-Dataset!D12)^2,(Dataset!E12-Dataset!E12)^2,(Dataset!F12-Dataset!F12)^2,(Dataset!G12-Dataset!G12)^2)) -> 0 | I12: =SQRT(SUM((Dataset!B12-Dataset!B13)^2,(Dataset!C12-Dataset!C13)^2,(Dataset!D12-Dataset!D13)^2,(Dataset!E12-Dataset!E13)^2,(Dataset!F12-Dataset!F13)^2,(Dataset!G12-Dataset!G13)^2)) -> 10.119783 | J12: =SQRT(SUM((Dataset!B12-Dataset!B14)^2,(Dataset!C12-Dataset!C14)^2,(Dataset!D12-Dataset!D14)^2,(Dataset!E12-Dataset!E14)^2,(Dataset!F12-Dataset!F14)^2,(Dataset!G12-Dataset!G14)^2)) -> 83.638627 | K12: =SQRT(SUM((Dataset!B12-Dataset!B15)^2,(Dataset!C12-Dataset!C15)^2,(Dataset!D12-Dataset!D15)^2,(Dataset!E12-Dataset!E15)^2,(Dataset!F12-Dataset!F15)^2,(Dataset!G12-Dataset!G15)^2)) -> 87.661736
A13: S8 | B13: =SQRT(SUM((Dataset!B13-Dataset!B6)^2,(Dataset!C13-Dataset!C6)^2,(Dataset!D13-Dataset!D6)^2,(Dataset!E13-Dataset!E6)^2,(Dataset!F13-Dataset!F6)^2,(Dataset!G13-Dataset!G6)^2)) -> 57.210663 | C13: =SQRT(SUM((Dataset!B13-Dataset!B7)^2,(Dataset!C13-Dataset!C7)^2,(Dataset!D13-Dataset!D7)^2,(Dataset!E13-Dataset!E7)^2,(Dataset!F13-Dataset!F7)^2,(Dataset!G13-Dataset!G7)^2)) -> 26.300951 | D13: =SQRT(SUM((Dataset!B13-Dataset!B8)^2,(Dataset!C13-Dataset!C8)^2,(Dataset!D13-Dataset!D8)^2,(Dataset!E13-Dataset!E8)^2,(Dataset!F13-Dataset!F8)^2,(Dataset!G13-Dataset!G8)^2)) -> 41.646849 | E13: =SQRT(SUM((Dataset!B13-Dataset!B9)^2,(Dataset!C13-Dataset!C9)^2,(Dataset!D13-Dataset!D9)^2,(Dataset!E13-Dataset!E9)^2,(Dataset!F13-Dataset!F9)^2,(Dataset!G13-Dataset!G9)^2)) -> 14.688771 | F13: =SQRT(SUM((Dataset!B13-Dataset!B10)^2,(Dataset!C13-Dataset!C10)^2,(Dataset!D13-Dataset!D10)^2,(Dataset!E13-Dataset!E10)^2,(Dataset!F13-Dataset!F10)^2,(Dataset!G13-Dataset!G10)^2)) -> 71.674403 | G13: =SQRT(SUM((Dataset!B13-Dataset!B11)^2,(Dataset!C13-Dataset!C11)^2,(Dataset!D13-Dataset!D11)^2,(Dataset!E13-Dataset!E11)^2,(Dataset!F13-Dataset!F11)^2,(Dataset!G13-Dataset!G11)^2)) -> 28.659553 | H13: =SQRT(SUM((Dataset!B13-Dataset!B12)^2,(Dataset!C13-Dataset!C12)^2,(Dataset!D13-Dataset!D12)^2,(Dataset!E13-Dataset!E12)^2,(Dataset!F13-Dataset!F12)^2,(Dataset!G13-Dataset!G12)^2)) -> 10.119783 | I13: =SQRT(SUM((Dataset!B13-Dataset!B13)^2,(Dataset!C13-Dataset!C13)^2,(Dataset!D13-Dataset!D13)^2,(Dataset!E13-Dataset!E13)^2,(Dataset!F13-Dataset!F13)^2,(Dataset!G13-Dataset!G13)^2)) -> 0 | J13: =SQRT(SUM((Dataset!B13-Dataset!B14)^2,(Dataset!C13-Dataset!C14)^2,(Dataset!D13-Dataset!D14)^2,(Dataset!E13-Dataset!E14)^2,(Dataset!F13-Dataset!F14)^2,(Dataset!G13-Dataset!G14)^2)) -> 75.944519 | K13: =SQRT(SUM((Dataset!B13-Dataset!B15)^2,(Dataset!C13-Dataset!C15)^2,(Dataset!D13-Dataset!D15)^2,(Dataset!E13-Dataset!E15)^2,(Dataset!F13-Dataset!F15)^2,(Dataset!G13-Dataset!G15)^2)) -> 80.101748
A14: S9 | B14: =SQRT(SUM((Dataset!B14-Dataset!B6)^2,(Dataset!C14-Dataset!C6)^2,(Dataset!D14-Dataset!D6)^2,(Dataset!E14-Dataset!E6)^2,(Dataset!F14-Dataset!F6)^2,(Dataset!G14-Dataset!G6)^2)) -> 115.85495 | C14: =SQRT(SUM((Dataset!B14-Dataset!B7)^2,(Dataset!C14-Dataset!C7)^2,(Dataset!D14-Dataset!D7)^2,(Dataset!E14-Dataset!E7)^2,(Dataset!F14-Dataset!F7)^2,(Dataset!G14-Dataset!G7)^2)) -> 88.559189 | D14: =SQRT(SUM((Dataset!B14-Dataset!B8)^2,(Dataset!C14-Dataset!C8)^2,(Dataset!D14-Dataset!D8)^2,(Dataset!E14-Dataset!E8)^2,(Dataset!F14-Dataset!F8)^2,(Dataset!G14-Dataset!G8)^2)) -> 34.828867 | E14: =SQRT(SUM((Dataset!B14-Dataset!B9)^2,(Dataset!C14-Dataset!C9)^2,(Dataset!D14-Dataset!D9)^2,(Dataset!E14-Dataset!E9)^2,(Dataset!F14-Dataset!F9)^2,(Dataset!G14-Dataset!G9)^2)) -> 69.067286 | F14: =SQRT(SUM((Dataset!B14-Dataset!B10)^2,(Dataset!C14-Dataset!C10)^2,(Dataset!D14-Dataset!D10)^2,(Dataset!E14-Dataset!E10)^2,(Dataset!F14-Dataset!F10)^2,(Dataset!G14-Dataset!G10)^2)) -> 7.1547187 | G14: =SQRT(SUM((Dataset!B14-Dataset!B11)^2,(Dataset!C14-Dataset!C11)^2,(Dataset!D14-Dataset!D11)^2,(Dataset!E14-Dataset!E11)^2,(Dataset!F14-Dataset!F11)^2,(Dataset!G14-Dataset!G11)^2)) -> 50.086126 | H14: =SQRT(SUM((Dataset!B14-Dataset!B12)^2,(Dataset!C14-Dataset!C12)^2,(Dataset!D14-Dataset!D12)^2,(Dataset!E14-Dataset!E12)^2,(Dataset!F14-Dataset!F12)^2,(Dataset!G14-Dataset!G12)^2)) -> 83.638627 | I14: =SQRT(SUM((Dataset!B14-Dataset!B13)^2,(Dataset!C14-Dataset!C13)^2,(Dataset!D14-Dataset!D13)^2,(Dataset!E14-Dataset!E13)^2,(Dataset!F14-Dataset!F13)^2,(Dataset!G14-Dataset!G13)^2)) -> 75.944519 | J14: =SQRT(SUM((Dataset!B14-Dataset!B14)^2,(Dataset!C14-Dataset!C14)^2,(Dataset!D14-Dataset!D14)^2,(Dataset!E14-Dataset!E14)^2,(Dataset!F14-Dataset!F14)^2,(Dataset!G14-Dataset!G14)^2)) -> 0 | K14: =SQRT(SUM((Dataset!B14-Dataset!B15)^2,(Dataset!C14-Dataset!C15)^2,(Dataset!D14-Dataset!D15)^2,(Dataset!E14-Dataset!E15)^2,(Dataset!F14-Dataset!F15)^2,(Dataset!G14-Dataset!G15)^2)) -> 5.5317267
A15: S10 | B15: =SQRT(SUM((Dataset!B15-Dataset!B6)^2,(Dataset!C15-Dataset!C6)^2,(Dataset!D15-Dataset!D6)^2,(Dataset!E15-Dataset!E6)^2,(Dataset!F15-Dataset!F6)^2,(Dataset!G15-Dataset!G6)^2)) -> 119.70418 | C15: =SQRT(SUM((Dataset!B15-Dataset!B7)^2,(Dataset!C15-Dataset!C7)^2,(Dataset!D15-Dataset!D7)^2,(Dataset!E15-Dataset!E7)^2,(Dataset!F15-Dataset!F7)^2,(Dataset!G15-Dataset!G7)^2)) -> 92.573484 | D15: =SQRT(SUM((Dataset!B15-Dataset!B8)^2,(Dataset!C15-Dataset!C8)^2,(Dataset!D15-Dataset!D8)^2,(Dataset!E15-Dataset!E8)^2,(Dataset!F15-Dataset!F8)^2,(Dataset!G15-Dataset!G8)^2)) -> 39.151117 | E15: =SQRT(SUM((Dataset!B15-Dataset!B9)^2,(Dataset!C15-Dataset!C9)^2,(Dataset!D15-Dataset!D9)^2,(Dataset!E15-Dataset!E9)^2,(Dataset!F15-Dataset!F9)^2,(Dataset!G15-Dataset!G9)^2)) -> 73.206352 | F15: =SQRT(SUM((Dataset!B15-Dataset!B10)^2,(Dataset!C15-Dataset!C10)^2,(Dataset!D15-Dataset!D10)^2,(Dataset!E15-Dataset!E10)^2,(Dataset!F15-Dataset!F10)^2,(Dataset!G15-Dataset!G10)^2)) -> 10.437912 | G15: =SQRT(SUM((Dataset!B15-Dataset!B11)^2,(Dataset!C15-Dataset!C11)^2,(Dataset!D15-Dataset!D11)^2,(Dataset!E15-Dataset!E11)^2,(Dataset!F15-Dataset!F11)^2,(Dataset!G15-Dataset!G11)^2)) -> 54.06829 | H15: =SQRT(SUM((Dataset!B15-Dataset!B12)^2,(Dataset!C15-Dataset!C12)^2,(Dataset!D15-Dataset!D12)^2,(Dataset!E15-Dataset!E12)^2,(Dataset!F15-Dataset!F12)^2,(Dataset!G15-Dataset!G12)^2)) -> 87.661736 | I15: =SQRT(SUM((Dataset!B15-Dataset!B13)^2,(Dataset!C15-Dataset!C13)^2,(Dataset!D15-Dataset!D13)^2,(Dataset!E15-Dataset!E13)^2,(Dataset!F15-Dataset!F13)^2,(Dataset!G15-Dataset!G13)^2)) -> 80.101748 | J15: =SQRT(SUM((Dataset!B15-Dataset!B14)^2,(Dataset!C15-Dataset!C14)^2,(Dataset!D15-Dataset!D14)^2,(Dataset!E15-Dataset!E14)^2,(Dataset!F15-Dataset!F14)^2,(Dataset!G15-Dataset!G14)^2)) -> 5.5317267 | K15: =SQRT(SUM((Dataset!B15-Dataset!B15)^2,(Dataset!C15-Dataset!C15)^2,(Dataset!D15-Dataset!D15)^2,(Dataset!E15-Dataset!E15)^2,(Dataset!F15-Dataset!F15)^2,(Dataset!G15-Dataset!G15)^2)) -> 0
A19: Chebyshev (None)
A20: Object | B20: S1 | C20: S2 | D20: S3 | E20: S4 | F20: S5 | G20: S6 | H20: S7 | I20: S8 | J20: S9 | K20: S10
A21: S1 | B21: =MAX(ABS(Dataset!B6-Dataset!B6),ABS(Dataset!C6-Dataset!C6),ABS(Dataset!D6-Dataset!D6),ABS(Dataset!E6-Dataset!E6),ABS(Dataset!F6-Dataset!F6),ABS(Dataset!G6-Dataset!G6)) -> 0 | C21: =MAX(ABS(Dataset!B6-Dataset!B7),ABS(Dataset!C6-Dataset!C7),ABS(Dataset!D6-Dataset!D7),ABS(Dataset!E6-Dataset!E7),ABS(Dataset!F6-Dataset!F7),ABS(Dataset!G6-Dataset!G7)) -> 25 | D21: =MAX(ABS(Dataset!B6-Dataset!B8),ABS(Dataset!C6-Dataset!C8),ABS(Dataset!D6-Dataset!D8),ABS(Dataset!E6-Dataset!E8),ABS(Dataset!F6-Dataset!F8),ABS(Dataset!G6-Dataset!G8)) -> 70 | E21: =MAX(ABS(Dataset!B6-Dataset!B9),ABS(Dataset!C6-Dataset!C9),ABS(Dataset!D6-Dataset!D9),ABS(Dataset!E6-Dataset!E9),ABS(Dataset!F6-Dataset!F9),ABS(Dataset!G6-Dataset!G9)) -> 41 | F21: =MAX(ABS(Dataset!B6-Dataset!B10),ABS(Dataset!C6-Dataset!C10),ABS(Dataset!D6-Dataset!D10),ABS(Dataset!E6-Dataset!E10),ABS(Dataset!F6-Dataset!F10),ABS(Dataset!G6-Dataset!G10)) -> 98 | G21: =MAX(ABS(Dataset!B6-Dataset!B11),ABS(Dataset!C6-Dataset!C11),ABS(Dataset!D6-Dataset!D11),ABS(Dataset!E6-Dataset!E11),ABS(Dataset!F6-Dataset!F11),ABS(Dataset!G6-Dataset!G11)) -> 59 | H21: =MAX(ABS(Dataset!B6-Dataset!B12),ABS(Dataset!C6-Dataset!C12),ABS(Dataset!D6-Dataset!D12),ABS(Dataset!E6-Dataset!E12),ABS(Dataset!F6-Dataset!F12),ABS(Dataset!G6-Dataset!G12)) -> 40 | I21: =MAX(ABS(Dataset!B6-Dataset!B13),ABS(Dataset!C6-Dataset!C13),ABS(Dataset!D6-Dataset!D13),ABS(Dataset!E6-Dataset!E13),ABS(Dataset!F6-Dataset!F13),ABS(Dataset!G6-Dataset!G13)) -> 37 | J21: =MAX(ABS(Dataset!B6-Dataset!B14),ABS(Dataset!C6-Dataset!C14),ABS(Dataset!D6-Dataset!D14),ABS(Dataset!E6-Dataset!E14),ABS(Dataset!F6-Dataset!F14),ABS(Dataset!G6-Dataset!G14)) -> 99 | K21: =MAX(ABS(Dataset!B6-Dataset!B15),ABS(Dataset!C6-Dataset!C15),ABS(Dataset!D6-Dataset!D15),ABS(Dataset!E6-Dataset!E15),ABS(Dataset!F6-Dataset!F15),ABS(Dataset!G6-Dataset!G15)) -> 103
A22: S2 | B22: =MAX(ABS(Dataset!B7-Dataset!B6),ABS(Dataset!C7-Dataset!C6),ABS(Dataset!D7-Dataset!D6),ABS(Dataset!E7-Dataset!E6),ABS(Dataset!F7-Dataset!F6),ABS(Dataset!G7-Dataset!G6)) -> 25 | C22: =MAX(ABS(Dataset!B7-Dataset!B7),ABS(Dataset!C7-Dataset!C7),ABS(Dataset!D7-Dataset!D7),ABS(Dataset!E7-Dataset!E7),ABS(Dataset!F7-Dataset!F7),ABS(Dataset!G7-Dataset!G7)) -> 0 | D22: =MAX(ABS(Dataset!B7-Dataset!B8),ABS(Dataset!C7-Dataset!C8),ABS(Dataset!D7-Dataset!D8),ABS(Dataset!E7-Dataset!E8),ABS(Dataset!F7-Dataset!F8),ABS(Dataset!G7-Dataset!G8)) -> 45 | E22: =MAX(ABS(Dataset!B7-Dataset!B9),ABS(Dataset!C7-Dataset!C9),ABS(Dataset!D7-Dataset!D9),ABS(Dataset!E7-Dataset!E9),ABS(Dataset!F7-Dataset!F9),ABS(Dataset!G7-Dataset!G9)) -> 16 | F22: =MAX(ABS(Dataset!B7-Dataset!B10),ABS(Dataset!C7-Dataset!C10),ABS(Dataset!D7-Dataset!D10),ABS(Dataset!E7-Dataset!E10),ABS(Dataset!F7-Dataset!F10),ABS(Dataset!G7-Dataset!G10)) -> 73 | G22: =MAX(ABS(Dataset!B7-Dataset!B11),ABS(Dataset!C7-Dataset!C11),ABS(Dataset!D7-Dataset!D11),ABS(Dataset!E7-Dataset!E11),ABS(Dataset!F7-Dataset!F11),ABS(Dataset!G7-Dataset!G11)) -> 34 | H22: =MAX(ABS(Dataset!B7-Dataset!B12),ABS(Dataset!C7-Dataset!C12),ABS(Dataset!D7-Dataset!D12),ABS(Dataset!E7-Dataset!E12),ABS(Dataset!F7-Dataset!F12),ABS(Dataset!G7-Dataset!G12)) -> 21 | I22: =MAX(ABS(Dataset!B7-Dataset!B13),ABS(Dataset!C7-Dataset!C13),ABS(Dataset!D7-Dataset!D13),ABS(Dataset!E7-Dataset!E13),ABS(Dataset!F7-Dataset!F13),ABS(Dataset!G7-Dataset!G13)) -> 18 | J22: =MAX(ABS(Dataset!B7-Dataset!B14),ABS(Dataset!C7-Dataset!C14),ABS(Dataset!D7-Dataset!D14),ABS(Dataset!E7-Dataset!E14),ABS(Dataset!F7-Dataset!F14),ABS(Dataset!G7-Dataset!G14)) -> 74 | K22: =MAX(ABS(Dataset!B7-Dataset!B15),ABS(Dataset!C7-Dataset!C15),ABS(Dataset!D7-Dataset!D15),ABS(Dataset!E7-Dataset!E15),ABS(Dataset!F7-Dataset!F15),ABS(Dataset!G7-Dataset!G15)) -> 78
A23: S3 | B23: =MAX(ABS(Dataset!B8-Dataset!B6),ABS(Dataset!C8-Dataset!C6),ABS(Dataset!D8-Dataset!D6),ABS(Dataset!E8-Dataset!E6),ABS(Dataset!F8-Dataset!F6),ABS(Dataset!G8-Dataset!G6)) -> 70 | C23: =MAX(ABS(Dataset!B8-Dataset!B7),ABS(Dataset!C8-Dataset!C7),ABS(Dataset!D8-Dataset!D7),ABS(Dataset!E8-Dataset!E7),ABS(Dataset!F8-Dataset!F7),ABS(Dataset!G8-Dataset!G7)) -> 45 | D23: =MAX(ABS(Dataset!B8-Dataset!B8),ABS(Dataset!C8-Dataset!C8),ABS(Dataset!D8-Dataset!D8),ABS(Dataset!E8-Dataset!E8),ABS(Dataset!F8-Dataset!F8),ABS(Dataset!G8-Dataset!G8)) -> 0 | E23: =MAX(ABS(Dataset!B8-Dataset!B9),ABS(Dataset!C8-Dataset!C9),ABS(Dataset!D8-Dataset!D9),ABS(Dataset!E8-Dataset!E9),ABS(Dataset!F8-Dataset!F9),ABS(Dataset!G8-Dataset!G9)) -> 29 | F23: =MAX(ABS(Dataset!B8-Dataset!B10),ABS(Dataset!C8-Dataset!C10),ABS(Dataset!D8-Dataset!D10),ABS(Dataset!E8-Dataset!E10),ABS(Dataset!F8-Dataset!F10),ABS(Dataset!G8-Dataset!G10)) -> 28 | G23: =MAX(ABS(Dataset!B8-Dataset!B11),ABS(Dataset!C8-Dataset!C11),ABS(Dataset!D8-Dataset!D11),ABS(Dataset!E8-Dataset!E11),ABS(Dataset!F8-Dataset!F11),ABS(Dataset!G8-Dataset!G11)) -> 11 | H23: =MAX(ABS(Dataset!B8-Dataset!B12),ABS(Dataset!C8-Dataset!C12),ABS(Dataset!D8-Dataset!D12),ABS(Dataset!E8-Dataset!E12),ABS(Dataset!F8-Dataset!F12),ABS(Dataset!G8-Dataset!G12)) -> 38 | I23: =MAX(ABS(Dataset!B8-Dataset!B13),ABS(Dataset!C8-Dataset!C13),ABS(Dataset!D8-Dataset!D13),ABS(Dataset!E8-Dataset!E13),ABS(Dataset!F8-Dataset!F13),ABS(Dataset!G8-Dataset!G13)) -> 35 | J23: =MAX(ABS(Dataset!B8-Dataset!B14),ABS(Dataset!C8-Dataset!C14),ABS(Dataset!D8-Dataset!D14),ABS(Dataset!E8-Dataset!E14),ABS(Dataset!F8-Dataset!F14),ABS(Dataset!G8-Dataset!G14)) -> 29 | K23: =MAX(ABS(Dataset!B8-Dataset!B15),ABS(Dataset!C8-Dataset!C15),ABS(Dataset!D8-Dataset!D15),ABS(Dataset!E8-Dataset!E15),ABS(Dataset!F8-Dataset!F15),ABS(Dataset!G8-Dataset!G15)) -> 33
A24: S4 | B24: =MAX(ABS(Dataset!B9-Dataset!B6),ABS(Dataset!C9-Dataset!C6),ABS(Dataset!D9-Dataset!D6),ABS(Dataset!E9-Dataset!E6),ABS(Dataset!F9-Dataset!F6),ABS(Dataset!G9-Dataset!G6)) -> 41 | C24: =MAX(ABS(Dataset!B9-Dataset!B7),ABS(Dataset!C9-Dataset!C7),ABS(Dataset!D9-Dataset!D7),ABS(Dataset!E9-Dataset!E7),ABS(Dataset!F9-Dataset!F7),ABS(Dataset!G9-Dataset!G7)) -> 16 | D24: =MAX(ABS(Dataset!B9-Dataset!B8),ABS(Dataset!C9-Dataset!C8),ABS(Dataset!D9-Dataset!D8),ABS(Dataset!E9-Dataset!E8),ABS(Dataset!F9-Dataset!F8),ABS(Dataset!G9-Dataset!G8)) -> 29 | E24: =MAX(ABS(Dataset!B9-Dataset!B9),ABS(Dataset!C9-Dataset!C9),ABS(Dataset!D9-Dataset!D9),ABS(Dataset!E9-Dataset!E9),ABS(Dataset!F9-Dataset!F9),ABS(Dataset!G9-Dataset!G9)) -> 0 | F24: =MAX(ABS(Dataset!B9-Dataset!B10),ABS(Dataset!C9-Dataset!C10),ABS(Dataset!D9-Dataset!D10),ABS(Dataset!E9-Dataset!E10),ABS(Dataset!F9-Dataset!F10),ABS(Dataset!G9-Dataset!G10)) -> 57 | G24: =MAX(ABS(Dataset!B9-Dataset!B11),ABS(Dataset!C9-Dataset!C11),ABS(Dataset!D9-Dataset!D11),ABS(Dataset!E9-Dataset!E11),ABS(Dataset!F9-Dataset!F11),ABS(Dataset!G9-Dataset!G11)) -> 18 | H24: =MAX(ABS(Dataset!B9-Dataset!B12),ABS(Dataset!C9-Dataset!C12),ABS(Dataset!D9-Dataset!D12),ABS(Dataset!E9-Dataset!E12),ABS(Dataset!F9-Dataset!F12),ABS(Dataset!G9-Dataset!G12)) -> 16 | I24: =MAX(ABS(Dataset!B9-Dataset!B13),ABS(Dataset!C9-Dataset!C13),ABS(Dataset!D9-Dataset!D13),ABS(Dataset!E9-Dataset!E13),ABS(Dataset!F9-Dataset!F13),ABS(Dataset!G9-Dataset!G13)) -> 13 | J24: =MAX(ABS(Dataset!B9-Dataset!B14),ABS(Dataset!C9-Dataset!C14),ABS(Dataset!D9-Dataset!D14),ABS(Dataset!E9-Dataset!E14),ABS(Dataset!F9-Dataset!F14),ABS(Dataset!G9-Dataset!G14)) -> 58 | K24: =MAX(ABS(Dataset!B9-Dataset!B15),ABS(Dataset!C9-Dataset!C15),ABS(Dataset!D9-Dataset!D15),ABS(Dataset!E9-Dataset!E15),ABS(Dataset!F9-Dataset!F15),ABS(Dataset!G9-Dataset!G15)) -> 62
A25: S5 | B25: =MAX(ABS(Dataset!B10-Dataset!B6),ABS(Dataset!C10-Dataset!C6),ABS(Dataset!D10-Dataset!D6),ABS(Dataset!E10-Dataset!E6),ABS(Dataset!F10-Dataset!F6),ABS(Dataset!G10-Dataset!G6)) -> 98 | C25: =MAX(ABS(Dataset!B10-Dataset!B7),ABS(Dataset!C10-Dataset!C7),ABS(Dataset!D10-Dataset!D7),ABS(Dataset!E10-Dataset!E7),ABS(Dataset!F10-Dataset!F7),ABS(Dataset!G10-Dataset!G7)) -> 73 | D25: =MAX(ABS(Dataset!B10-Dataset!B8),ABS(Dataset!C10-Dataset!C8),ABS(Dataset!D10-Dataset!D8),ABS(Dataset!E10-Dataset!E8),ABS(Dataset!F10-Dataset!F8),ABS(Dataset!G10-Dataset!G8)) -> 28 | E25: =MAX(ABS(Dataset!B10-Dataset!B9),ABS(Dataset!C10-Dataset!C9),ABS(Dataset!D10-Dataset!D9),ABS(Dataset!E10-Dataset!E9),ABS(Dataset!F10-Dataset!F9),ABS(Dataset!G10-Dataset!G9)) -> 57 | F25: =MAX(ABS(Dataset!B10-Dataset!B10),ABS(Dataset!C10-Dataset!C10),ABS(Dataset!D10-Dataset!D10),ABS(Dataset!E10-Dataset!E10),ABS(Dataset!F10-Dataset!F10),ABS(Dataset!G10-Dataset!G10)) -> 0 | G25: =MAX(ABS(Dataset!B10-Dataset!B11),ABS(Dataset!C10-Dataset!C11),ABS(Dataset!D10-Dataset!D11),ABS(Dataset!E10-Dataset!E11),ABS(Dataset!F10-Dataset!F11),ABS(Dataset!G10-Dataset!G11)) -> 39 | H25: =MAX(ABS(Dataset!B10-Dataset!B12),ABS(Dataset!C10-Dataset!C12),ABS(Dataset!D10-Dataset!D12),ABS(Dataset!E10-Dataset!E12),ABS(Dataset!F10-Dataset!F12),ABS(Dataset!G10-Dataset!G12)) -> 66 | I25: =MAX(ABS(Dataset!B10-Dataset!B13),ABS(Dataset!C10-Dataset!C13),ABS(Dataset!D10-Dataset!D13),ABS(Dataset!E10-Dataset!E13),ABS(Dataset!F10-Dataset!F13),ABS(Dataset!G10-Dataset!G13)) -> 63 | J25: =MAX(ABS(Dataset!B10-Dataset!B14),ABS(Dataset!C10-Dataset!C14),ABS(Dataset!D10-Dataset!D14),ABS(Dataset!E10-Dataset!E14),ABS(Dataset!F10-Dataset!F14),ABS(Dataset!G10-Dataset!G14)) -> 5 | K25: =MAX(ABS(Dataset!B10-Dataset!B15),ABS(Dataset!C10-Dataset!C15),ABS(Dataset!D10-Dataset!D15),ABS(Dataset!E10-Dataset!E15),ABS(Dataset!F10-Dataset!F15),ABS(Dataset!G10-Dataset!G15)) -> 6
A26: S6 | B26: =MAX(ABS(Dataset!B11-Dataset!B6),ABS(Dataset!C11-Dataset!C6),ABS(Dataset!D11-Dataset!D6),ABS(Dataset!E11-Dataset!E6),ABS(Dataset!F11-Dataset!F6),ABS(Dataset!G11-Dataset!G6)) -> 59 | C26: =MAX(ABS(Dataset!B11-Dataset!B7),ABS(Dataset!C11-Dataset!C7),ABS(Dataset!D11-Dataset!D7),ABS(Dataset!E11-Dataset!E7),ABS(Dataset!F11-Dataset!F7),ABS(Dataset!G11-Dataset!G7)) -> 34 | D26: =MAX(ABS(Dataset!B11-Dataset!B8),ABS(Dataset!C11-Dataset!C8),ABS(Dataset!D11-Dataset!D8),ABS(Dataset!E11-Dataset!E8),ABS(Dataset!F11-Dataset!F8),ABS(Dataset!G11-Dataset!G8)) -> 11 | E26: =MAX(ABS(Dataset!B11-Dataset!B9),ABS(Dataset!C11-Dataset!C9),ABS(Dataset!D11-Dataset!D9),ABS(Dataset!E11-Dataset!E9),ABS(Dataset!F11-Dataset!F9),ABS(Dataset!G11-Dataset!G9)) -> 18 | F26: =MAX(ABS(Dataset!B11-Dataset!B10),ABS(Dataset!C11-Dataset!C10),ABS(Dataset!D11-Dataset!D10),ABS(Dataset!E11-Dataset!E10),ABS(Dataset!F11-Dataset!F10),ABS(Dataset!G11-Dataset!G10)) -> 39 | G26: =MAX(ABS(Dataset!B11-Dataset!B11),ABS(Dataset!C11-Dataset!C11),ABS(Dataset!D11-Dataset!D11),ABS(Dataset!E11-Dataset!E11),ABS(Dataset!F11-Dataset!F11),ABS(Dataset!G11-Dataset!G11)) -> 0 | H26: =MAX(ABS(Dataset!B11-Dataset!B12),ABS(Dataset!C11-Dataset!C12),ABS(Dataset!D11-Dataset!D12),ABS(Dataset!E11-Dataset!E12),ABS(Dataset!F11-Dataset!F12),ABS(Dataset!G11-Dataset!G12)) -> 27 | I26: =MAX(ABS(Dataset!B11-Dataset!B13),ABS(Dataset!C11-Dataset!C13),ABS(Dataset!D11-Dataset!D13),ABS(Dataset!E11-Dataset!E13),ABS(Dataset!F11-Dataset!F13),ABS(Dataset!G11-Dataset!G13)) -> 24 | J26: =MAX(ABS(Dataset!B11-Dataset!B14),ABS(Dataset!C11-Dataset!C14),ABS(Dataset!D11-Dataset!D14),ABS(Dataset!E11-Dataset!E14),ABS(Dataset!F11-Dataset!F14),ABS(Dataset!G11-Dataset!G14)) -> 40 | K26: =MAX(ABS(Dataset!B11-Dataset!B15),ABS(Dataset!C11-Dataset!C15),ABS(Dataset!D11-Dataset!D15),ABS(Dataset!E11-Dataset!E15),ABS(Dataset!F11-Dataset!F15),ABS(Dataset!G11-Dataset!G15)) -> 44
A27: S7 | B27: =MAX(ABS(Dataset!B12-Dataset!B6),ABS(Dataset!C12-Dataset!C6),ABS(Dataset!D12-Dataset!D6),ABS(Dataset!E12-Dataset!E6),ABS(Dataset!F12-Dataset!F6),ABS(Dataset!G12-Dataset!G6)) -> 40 | C27: =MAX(ABS(Dataset!B12-Dataset!B7),ABS(Dataset!C12-Dataset!C7),ABS(Dataset!D12-Dataset!D7),ABS(Dataset!E12-Dataset!E7),ABS(Dataset!F12-Dataset!F7),ABS(Dataset!G12-Dataset!G7)) -> 21 | D27: =MAX(ABS(Dataset!B12-Dataset!B8),ABS(Dataset!C12-Dataset!C8),ABS(Dataset!D12-Dataset!D8),ABS(Dataset!E12-Dataset!E8),ABS(Dataset!F12-Dataset!F8),ABS(Dataset!G12-Dataset!G8)) -> 38 | E27: =MAX(ABS(Dataset!B12-Dataset!B9),ABS(Dataset!C12-Dataset!C9),ABS(Dataset!D12-Dataset!D9),ABS(Dataset!E12-Dataset!E9),ABS(Dataset!F12-Dataset!F9),ABS(Dataset!G12-Dataset!G9)) -> 16 | F27: =MAX(ABS(Dataset!B12-Dataset!B10),ABS(Dataset!C12-Dataset!C10),ABS(Dataset!D12-Dataset!D10),ABS(Dataset!E12-Dataset!E10),ABS(Dataset!F12-Dataset!F10),ABS(Dataset!G12-Dataset!G10)) -> 66 | G27: =MAX(ABS(Dataset!B12-Dataset!B11),ABS(Dataset!C12-Dataset!C11),ABS(Dataset!D12-Dataset!D11),ABS(Dataset!E12-Dataset!E11),ABS(Dataset!F12-Dataset!F11),ABS(Dataset!G12-Dataset!G11)) -> 27 | H27: =MAX(ABS(Dataset!B12-Dataset!B12),ABS(Dataset!C12-Dataset!C12),ABS(Dataset!D12-Dataset!D12),ABS(Dataset!E12-Dataset!E12),ABS(Dataset!F12-Dataset!F12),ABS(Dataset!G12-Dataset!G12)) -> 0 | I27: =MAX(ABS(Dataset!B12-Dataset!B13),ABS(Dataset!C12-Dataset!C13),ABS(Dataset!D12-Dataset!D13),ABS(Dataset!E12-Dataset!E13),ABS(Dataset!F12-Dataset!F13),ABS(Dataset!G12-Dataset!G13)) -> 9 | J27: =MAX(ABS(Dataset!B12-Dataset!B14),ABS(Dataset!C12-Dataset!C14),ABS(Dataset!D12-Dataset!D14),ABS(Dataset!E12-Dataset!E14),ABS(Dataset!F12-Dataset!F14),ABS(Dataset!G12-Dataset!G14)) -> 67 | K27: =MAX(ABS(Dataset!B12-Dataset!B15),ABS(Dataset!C12-Dataset!C15),ABS(Dataset!D12-Dataset!D15),ABS(Dataset!E12-Dataset!E15),ABS(Dataset!F12-Dataset!F15),ABS(Dataset!G12-Dataset!G15)) -> 71
A28: S8 | B28: =MAX(ABS(Dataset!B13-Dataset!B6),ABS(Dataset!C13-Dataset!C6),ABS(Dataset!D13-Dataset!D6),ABS(Dataset!E13-Dataset!E6),ABS(Dataset!F13-Dataset!F6),ABS(Dataset!G13-Dataset!G6)) -> 37 | C28: =MAX(ABS(Dataset!B13-Dataset!B7),ABS(Dataset!C13-Dataset!C7),ABS(Dataset!D13-Dataset!D7),ABS(Dataset!E13-Dataset!E7),ABS(Dataset!F13-Dataset!F7),ABS(Dataset!G13-Dataset!G7)) -> 18 | D28: =MAX(ABS(Dataset!B13-Dataset!B8),ABS(Dataset!C13-Dataset!C8),ABS(Dataset!D13-Dataset!D8),ABS(Dataset!E13-Dataset!E8),ABS(Dataset!F13-Dataset!F8),ABS(Dataset!G13-Dataset!G8)) -> 35 | E28: =MAX(ABS(Dataset!B13-Dataset!B9),ABS(Dataset!C13-Dataset!C9),ABS(Dataset!D13-Dataset!D9),ABS(Dataset!E13-Dataset!E9),ABS(Dataset!F13-Dataset!F9),ABS(Dataset!G13-Dataset!G9)) -> 13 | F28: =MAX(ABS(Dataset!B13-Dataset!B10),ABS(Dataset!C13-Dataset!C10),ABS(Dataset!D13-Dataset!D10),ABS(Dataset!E13-Dataset!E10),ABS(Dataset!F13-Dataset!F10),ABS(Dataset!G13-Dataset!G10)) -> 63 | G28: =MAX(ABS(Dataset!B13-Dataset!B11),ABS(Dataset!C13-Dataset!C11),ABS(Dataset!D13-Dataset!D11),ABS(Dataset!E13-Dataset!E11),ABS(Dataset!F13-Dataset!F11),ABS(Dataset!G13-Dataset!G11)) -> 24 | H28: =MAX(ABS(Dataset!B13-Dataset!B12),ABS(Dataset!C13-Dataset!C12),ABS(Dataset!D13-Dataset!D12),ABS(Dataset!E13-Dataset!E12),ABS(Dataset!F13-Dataset!F12),ABS(Dataset!G13-Dataset!G12)) -> 9 | I28: =MAX(ABS(Dataset!B13-Dataset!B13),ABS(Dataset!C13-Dataset!C13),ABS(Dataset!D13-Dataset!D13),ABS(Dataset!E13-Dataset!E13),ABS(Dataset!F13-Dataset!F13),ABS(Dataset!G13-Dataset!G13)) -> 0 | J28: =MAX(ABS(Dataset!B13-Dataset!B14),ABS(Dataset!C13-Dataset!C14),ABS(Dataset!D13-Dataset!D14),ABS(Dataset!E13-Dataset!E14),ABS(Dataset!F13-Dataset!F14),ABS(Dataset!G13-Dataset!G14)) -> 64 | K28: =MAX(ABS(Dataset!B13-Dataset!B15),ABS(Dataset!C13-Dataset!C15),ABS(Dataset!D13-Dataset!D15),ABS(Dataset!E13-Dataset!E15),ABS(Dataset!F13-Dataset!F15),ABS(Dataset!G13-Dataset!G15)) -> 68
A29: S9 | B29: =MAX(ABS(Dataset!B14-Dataset!B6),ABS(Dataset!C14-Dataset!C6),ABS(Dataset!D14-Dataset!D6),ABS(Dataset!E14-Dataset!E6),ABS(Dataset!F14-Dataset!F6),ABS(Dataset!G14-Dataset!G6)) -> 99 | C29: =MAX(ABS(Dataset!B14-Dataset!B7),ABS(Dataset!C14-Dataset!C7),ABS(Dataset!D14-Dataset!D7),ABS(Dataset!E14-Dataset!E7),ABS(Dataset!F14-Dataset!F7),ABS(Dataset!G14-Dataset!G7)) -> 74 | D29: =MAX(ABS(Dataset!B14-Dataset!B8),ABS(Dataset!C14-Dataset!C8),ABS(Dataset!D14-Dataset!D8),ABS(Dataset!E14-Dataset!E8),ABS(Dataset!F14-Dataset!F8),ABS(Dataset!G14-Dataset!G8)) -> 29 | E29: =MAX(ABS(Dataset!B14-Dataset!B9),ABS(Dataset!C14-Dataset!C9),ABS(Dataset!D14-Dataset!D9),ABS(Dataset!E14-Dataset!E9),ABS(Dataset!F14-Dataset!F9),ABS(Dataset!G14-Dataset!G9)) -> 58 | F29: =MAX(ABS(Dataset!B14-Dataset!B10),ABS(Dataset!C14-Dataset!C10),ABS(Dataset!D14-Dataset!D10),ABS(Dataset!E14-Dataset!E10),ABS(Dataset!F14-Dataset!F10),ABS(Dataset!G14-Dataset!G10)) -> 5 | G29: =MAX(ABS(Dataset!B14-Dataset!B11),ABS(Dataset!C14-Dataset!C11),ABS(Dataset!D14-Dataset!D11),ABS(Dataset!E14-Dataset!E11),ABS(Dataset!F14-Dataset!F11),ABS(Dataset!G14-Dataset!G11)) -> 40 | H29: =MAX(ABS(Dataset!B14-Dataset!B12),ABS(Dataset!C14-Dataset!C12),ABS(Dataset!D14-Dataset!D12),ABS(Dataset!E14-Dataset!E12),ABS(Dataset!F14-Dataset!F12),ABS(Dataset!G14-Dataset!G12)) -> 67 | I29: =MAX(ABS(Dataset!B14-Dataset!B13),ABS(Dataset!C14-Dataset!C13),ABS(Dataset!D14-Dataset!D13),ABS(Dataset!E14-Dataset!E13),ABS(Dataset!F14-Dataset!F13),ABS(Dataset!G14-Dataset!G13)) -> 64 | J29: =MAX(ABS(Dataset!B14-Dataset!B14),ABS(Dataset!C14-Dataset!C14),ABS(Dataset!D14-Dataset!D14),ABS(Dataset!E14-Dataset!E14),ABS(Dataset!F14-Dataset!F14),ABS(Dataset!G14-Dataset!G14)) -> 0 | K29: =MAX(ABS(Dataset!B14-Dataset!B15),ABS(Dataset!C14-Dataset!C15),ABS(Dataset!D14-Dataset!D15),ABS(Dataset!E14-Dataset!E15),ABS(Dataset!F14-Dataset!F15),ABS(Dataset!G14-Dataset!G15)) -> 4
A30: S10 | B30: =MAX(ABS(Dataset!B15-Dataset!B6),ABS(Dataset!C15-Dataset!C6),ABS(Dataset!D15-Dataset!D6),ABS(Dataset!E15-Dataset!E6),ABS(Dataset!F15-Dataset!F6),ABS(Dataset!G15-Dataset!G6)) -> 103 | C30: =MAX(ABS(Dataset!B15-Dataset!B7),ABS(Dataset!C15-Dataset!C7),ABS(Dataset!D15-Dataset!D7),ABS(Dataset!E15-Dataset!E7),ABS(Dataset!F15-Dataset!F7),ABS(Dataset!G15-Dataset!G7)) -> 78 | D30: =MAX(ABS(Dataset!B15-Dataset!B8),ABS(Dataset!C15-Dataset!C8),ABS(Dataset!D15-Dataset!D8),ABS(Dataset!E15-Dataset!E8),ABS(Dataset!F15-Dataset!F8),ABS(Dataset!G15-Dataset!G8)) -> 33 | E30: =MAX(ABS(Dataset!B15-Dataset!B9),ABS(Dataset!C15-Dataset!C9),ABS(Dataset!D15-Dataset!D9),ABS(Dataset!E15-Dataset!E9),ABS(Dataset!F15-Dataset!F9),ABS(Dataset!G15-Dataset!G9)) -> 62 | F30: =MAX(ABS(Dataset!B15-Dataset!B10),ABS(Dataset!C15-Dataset!C10),ABS(Dataset!D15-Dataset!D10),ABS(Dataset!E15-Dataset!E10),ABS(Dataset!F15-Dataset!F10),ABS(Dataset!G15-Dataset!G10)) -> 6 | G30: =MAX(ABS(Dataset!B15-Dataset!B11),ABS(Dataset!C15-Dataset!C11),ABS(Dataset!D15-Dataset!D11),ABS(Dataset!E15-Dataset!E11),ABS(Dataset!F15-Dataset!F11),ABS(Dataset!G15-Dataset!G11)) -> 44 | H30: =MAX(ABS(Dataset!B15-Dataset!B12),ABS(Dataset!C15-Dataset!C12),ABS(Dataset!D15-Dataset!D12),ABS(Dataset!E15-Dataset!E12),ABS(Dataset!F15-Dataset!F12),ABS(Dataset!G15-Dataset!G12)) -> 71 | I30: =MAX(ABS(Dataset!B15-Dataset!B13),ABS(Dataset!C15-Dataset!C13),ABS(Dataset!D15-Dataset!D13),ABS(Dataset!E15-Dataset!E13),ABS(Dataset!F15-Dataset!F13),ABS(Dataset!G15-Dataset!G13)) -> 68 | J30: =MAX(ABS(Dataset!B15-Dataset!B14),ABS(Dataset!C15-Dataset!C14),ABS(Dataset!D15-Dataset!D14),ABS(Dataset!E15-Dataset!E14),ABS(Dataset!F15-Dataset!F14),ABS(Dataset!G15-Dataset!G14)) -> 4 | K30: =MAX(ABS(Dataset!B15-Dataset!B15),ABS(Dataset!C15-Dataset!C15),ABS(Dataset!D15-Dataset!D15),ABS(Dataset!E15-Dataset!E15),ABS(Dataset!F15-Dataset!F15),ABS(Dataset!G15-Dataset!G15)) -> 0
A34: Canberra (None)
A35: Object | B35: S1 | C35: S2 | D35: S3 | E35: S4 | F35: S5 | G35: S6 | H35: S7 | I35: S8 | J35: S9 | K35: S10
A36: S1 | B36: =SUM(IF(ABS(Dataset!B6)+ABS(Dataset!B6)=0,0,ABS(Dataset!B6-Dataset!B6)/(ABS(Dataset!B6)+ABS(Dataset!B6))),IF(ABS(Dataset!C6)+ABS(Dataset!C6)=0,0,ABS(Dataset!C6-Dataset!C6)/(ABS(Dataset!C6)+ABS(Dataset!C6))),IF(ABS(Dataset!D6)+ABS(Dataset!D6)=0,0,ABS(Dataset!D6-Dataset!D6)/(ABS(Dataset!D6)+ABS(Dataset!D6))),IF(ABS(Dataset!E6)+ABS(Dataset!E6)=0,0,ABS(Dataset!E6-Dataset!E6)/(ABS(Dataset!E6)+ABS(Dataset!E6))),IF(ABS(Dataset!F6)+ABS(Dataset!F6)=0,0,ABS(Dataset!F6-Dataset!F6)/(ABS(Dataset!F6)+ABS(Dataset!F6))),IF(ABS(Dataset!G6)+ABS(Dataset!G6)=0,0,ABS(Dataset!G6-Dataset!G6)/(ABS(Dataset!G6)+ABS(Dataset!G6)))) -> 0 | C36: =SUM(IF(ABS(Dataset!B6)+ABS(Dataset!B7)=0,0,ABS(Dataset!B6-Dataset!B7)/(ABS(Dataset!B6)+ABS(Dataset!B7))),IF(ABS(Dataset!C6)+ABS(Dataset!C7)=0,0,ABS(Dataset!C6-Dataset!C7)/(ABS(Dataset!C6)+ABS(Dataset!C7))),IF(ABS(Dataset!D6)+ABS(Dataset!D7)=0,0,ABS(Dataset!D6-Dataset!D7)/(ABS(Dataset!D6)+ABS(Dataset!D7))),IF(ABS(Dataset!E6)+ABS(Dataset!E7)=0,0,ABS(Dataset!E6-Dataset!E7)/(ABS(Dataset!E6)+ABS(Dataset!E7))),IF(ABS(Dataset!F6)+ABS(Dataset!F7)=0,0,ABS(Dataset!F6-Dataset!F7)/(ABS(Dataset!F6)+ABS(Dataset!F7))),IF(ABS(Dataset!G6)+ABS(Dataset!G7)=0,0,ABS(Dataset!G6-Dataset!G7)/(ABS(Dataset!G6)+ABS(Dataset!G7)))) -> 0.54579992 | D36: =SUM(IF(ABS(Dataset!B6)+ABS(Dataset!B8)=0,0,ABS(Dataset!B6-Dataset!B8)/(ABS(Dataset!B6)+ABS(Dataset!B8))),IF(ABS(Dataset!C6)+ABS(Dataset!C8)=0,0,ABS(Dataset!C6-Dataset!C8)/(ABS(Dataset!C6)+ABS(Dataset!C8))),IF(ABS(Dataset!D6)+ABS(Dataset!D8)=0,0,ABS(Dataset!D6-Dataset!D8)/(ABS(Dataset!D6)+ABS(Dataset!D8))),IF(ABS(Dataset!E6)+ABS(Dataset!E8)=0,0,ABS(Dataset!E6-Dataset!E8)/(ABS(Dataset!E6)+ABS(Dataset!E8))),IF(ABS(Dataset!F6)+ABS(Dataset!F8)=0,0,ABS(Dataset!F6-Dataset!F8)/(ABS(Dataset!F6)+ABS(Dataset!F8))),IF(ABS(Dataset!G6)+ABS(Dataset!G8)=0,0,ABS(Dataset!G6-Dataset!G8)/(ABS(Dataset!G6)+ABS(Dataset!G8)))) -> 1.0373572 | E36: =SUM(IF(ABS(Dataset!B6)+ABS(Dataset!B9)=0,0,ABS(Dataset!B6-Dataset!B9)/(ABS(Dataset!B6)+ABS(Dataset!B9))),IF(ABS(Dataset!C6)+ABS(Dataset!C9)=0,0,ABS(Dataset!C6-Dataset!C9)/(ABS(Dataset!C6)+ABS(Dataset!C9))),IF(ABS(Dataset!D6)+ABS(Dataset!D9)=0,0,ABS(Dataset!D6-Dataset!D9)/(ABS(Dataset!D6)+ABS(Dataset!D9))),IF(ABS(Dataset!E6)+ABS(Dataset!E9)=0,0,ABS(Dataset!E6-Dataset!E9)/(ABS(Dataset!E6)+ABS(Dataset!E9))),IF(ABS(Dataset!F6)+ABS(Dataset!F9)=0,0,ABS(Dataset!F6-Dataset!F9)/(ABS(Dataset!F6)+ABS(Dataset!F9))),IF(ABS(Dataset!G6)+ABS(Dataset!G9)=0,0,ABS(Dataset!G6-Dataset!G9)/(ABS(Dataset!G6)+ABS(Dataset!G9)))) -> 0.56283496 | F36: =SUM(IF(ABS(Dataset!B6)+ABS(Dataset!B10)=0,0,ABS(Dataset!B6-Dataset!B10)/(ABS(Dataset!B6)+ABS(Dataset!B10))),IF(ABS(Dataset!C6)+ABS(Dataset!C10)=0,0,ABS(Dataset!C6-Dataset!C10)/(ABS(Dataset!C6)+ABS(Dataset!C10))),IF(ABS(Dataset!D6)+ABS(Dataset!D10)=0,0,ABS(Dataset!D6-Dataset!D10)/(ABS(Dataset!D6)+ABS(Dataset!D10))),IF(ABS(Dataset!E6)+ABS(Dataset!E10)=0,0,ABS(Dataset!E6-Dataset!E10)/(ABS(Dataset!E6)+ABS(Dataset!E10))),IF(ABS(Dataset!F6)+ABS(Dataset!F10)=0,0,ABS(Dataset!F6-Dataset!F10)/(ABS(Dataset!F6)+ABS(Dataset!F10))),IF(ABS(Dataset!G6)+ABS(Dataset!G10)=0,0,ABS(Dataset!G6-Dataset!G10)/(ABS(Dataset!G6)+ABS(Dataset!G10)))) -> 1.1520855 | G36: =SUM(IF(ABS(Dataset!B6)+ABS(Dataset!B11)=0,0,ABS(Dataset!B6-Dataset!B11)/(ABS(Dataset!B6)+ABS(Dataset!B11))),IF(ABS(Dataset!C6)+ABS(Dataset!C11)=0,0,ABS(Dataset!C6-Dataset!C11)/(ABS(Dataset!C6)+ABS(Dataset!C11))),IF(ABS(Dataset!D6)+ABS(Dataset!D11)=0,0,ABS(Dataset!D6-Dataset!D11)/(ABS(Dataset!D6)+ABS(Dataset!D11))),IF(ABS(Dataset!E6)+ABS(Dataset!E11)=0,0,ABS(Dataset!E6-Dataset!E11)/(ABS(Dataset!E6)+ABS(Dataset!E11))),IF(ABS(Dataset!F6)+ABS(Dataset!F11)=0,0,ABS(Dataset!F6-Dataset!F11)/(ABS(Dataset!F6)+ABS(Dataset!F11))),IF(ABS(Dataset!G6)+ABS(Dataset!G11)=0,0,ABS(Dataset!G6-Dataset!G11)/(ABS(Dataset!G6)+ABS(Dataset!G11)))) -> 0.68167905 | H36: =SUM(IF(ABS(Dataset!B6)+ABS(Dataset!B12)=0,0,ABS(Dataset!B6-Dataset!B12)/(ABS(Dataset!B6)+ABS(Dataset!B12))),IF(ABS(Dataset!C6)+ABS(Dataset!C12)=0,0,ABS(Dataset!C6-Dataset!C12)/(ABS(Dataset!C6)+ABS(Dataset!C12))),IF(ABS(Dataset!D6)+ABS(Dataset!D12)=0,0,ABS(Dataset!D6-Dataset!D12)/(ABS(Dataset!D6)+ABS(Dataset!D12))),IF(ABS(Dataset!E6)+ABS(Dataset!E12)=0,0,ABS(Dataset!E6-Dataset!E12)/(ABS(Dataset!E6)+ABS(Dataset!E12))),IF(ABS(Dataset!F6)+ABS(Dataset!F12)=0,0,ABS(Dataset!F6-Dataset!F12)/(ABS(Dataset!F6)+ABS(Dataset!F12))),IF(ABS(Dataset!G6)+ABS(Dataset!G12)=0,0,ABS(Dataset!G6-Dataset!G12)/(ABS(Dataset!G6)+ABS(Dataset!G12)))) -> 0.57429092 | I36: =SUM(IF(ABS(Dataset!B6)+ABS(Dataset!B13)=0,0,ABS(Dataset!B6-Dataset!B13)/(ABS(Dataset!B6)+ABS(Dataset!B13))),IF(ABS(Dataset!C6)+ABS(Dataset!C13)=0,0,ABS(Dataset!C6-Dataset!C13)/(ABS(Dataset!C6)+ABS(Dataset!C13))),IF(ABS(Dataset!D6)+ABS(Dataset!D13)=0,0,ABS(Dataset!D6-Dataset!D13)/(ABS(Dataset!D6)+ABS(Dataset!D13))),IF(ABS(Dataset!E6)+ABS(Dataset!E13)=0,0,ABS(Dataset!E6-Dataset!E13)/(ABS(Dataset!E6)+ABS(Dataset!E13))),IF(ABS(Dataset!F6)+ABS(Dataset!F13)=0,0,ABS(Dataset!F6-Dataset!F13)/(ABS(Dataset!F6)+ABS(Dataset!F13))),IF(ABS(Dataset!G6)+ABS(Dataset!G13)=0,0,ABS(Dataset!G6-Dataset!G13)/(ABS(Dataset!G6)+ABS(Dataset!G13)))) -> 0.62445561 | J36: =SUM(IF(ABS(Dataset!B6)+ABS(Dataset!B14)=0,0,ABS(Dataset!B6-Dataset!B14)/(ABS(Dataset!B6)+ABS(Dataset!B14))),IF(ABS(Dataset!C6)+ABS(Dataset!C14)=0,0,ABS(Dataset!C6-Dataset!C14)/(ABS(Dataset!C6)+ABS(Dataset!C14))),IF(ABS(Dataset!D6)+ABS(Dataset!D14)=0,0,ABS(Dataset!D6-Dataset!D14)/(ABS(Dataset!D6)+ABS(Dataset!D14))),IF(ABS(Dataset!E6)+ABS(Dataset!E14)=0,0,ABS(Dataset!E6-Dataset!E14)/(ABS(Dataset!E6)+ABS(Dataset!E14))),IF(ABS(Dataset!F6)+ABS(Dataset!F14)=0,0,ABS(Dataset!F6-Dataset!F14)/(ABS(Dataset!F6)+ABS(Dataset!F14))),IF(ABS(Dataset!G6)+ABS(Dataset!G14)=0,0,ABS(Dataset!G6-Dataset!G14)/(ABS(Dataset!G6)+ABS(Dataset!G14)))) -> 1.1237503 | K36: =SUM(IF(ABS(Dataset!B6)+ABS(Dataset!B15)=0,0,ABS(Dataset!B6-Dataset!B15)/(ABS(Dataset!B6)+ABS(Dataset!B15))),IF(ABS(Dataset!C6)+ABS(Dataset!C15)=0,0,ABS(Dataset!C6-Dataset!C15)/(ABS(Dataset!C6)+ABS(Dataset!C15))),IF(ABS(Dataset!D6)+ABS(Dataset!D15)=0,0,ABS(Dataset!D6-Dataset!D15)/(ABS(Dataset!D6)+ABS(Dataset!D15))),IF(ABS(Dataset!E6)+ABS(Dataset!E15)=0,0,ABS(Dataset!E6-Dataset!E15)/(ABS(Dataset!E6)+ABS(Dataset!E15))),IF(ABS(Dataset!F6)+ABS(Dataset!F15)=0,0,ABS(Dataset!F6-Dataset!F15)/(ABS(Dataset!F6)+ABS(Dataset!F15))),IF(ABS(Dataset!G6)+ABS(Dataset!G15)=0,0,ABS(Dataset!G6-Dataset!G15)/(ABS(Dataset!G6)+ABS(Dataset!G15)))) -> 1.1085058
A37: S2 | B37: =SUM(IF(ABS(Dataset!B7)+ABS(Dataset!B6)=0,0,ABS(Dataset!B7-Dataset!B6)/(ABS(Dataset!B7)+ABS(Dataset!B6))),IF(ABS(Dataset!C7)+ABS(Dataset!C6)=0,0,ABS(Dataset!C7-Dataset!C6)/(ABS(Dataset!C7)+ABS(Dataset!C6))),IF(ABS(Dataset!D7)+ABS(Dataset!D6)=0,0,ABS(Dataset!D7-Dataset!D6)/(ABS(Dataset!D7)+ABS(Dataset!D6))),IF(ABS(Dataset!E7)+ABS(Dataset!E6)=0,0,ABS(Dataset!E7-Dataset!E6)/(ABS(Dataset!E7)+ABS(Dataset!E6))),IF(ABS(Dataset!F7)+ABS(Dataset!F6)=0,0,ABS(Dataset!F7-Dataset!F6)/(ABS(Dataset!F7)+ABS(Dataset!F6))),IF(ABS(Dataset!G7)+ABS(Dataset!G6)=0,0,ABS(Dataset!G7-Dataset!G6)/(ABS(Dataset!G7)+ABS(Dataset!G6)))) -> 0.54579992 | C37: =SUM(IF(ABS(Dataset!B7)+ABS(Dataset!B7)=0,0,ABS(Dataset!B7-Dataset!B7)/(ABS(Dataset!B7)+ABS(Dataset!B7))),IF(ABS(Dataset!C7)+ABS(Dataset!C7)=0,0,ABS(Dataset!C7-Dataset!C7)/(ABS(Dataset!C7)+ABS(Dataset!C7))),IF(ABS(Dataset!D7)+ABS(Dataset!D7)=0,0,ABS(Dataset!D7-Dataset!D7)/(ABS(Dataset!D7)+ABS(Dataset!D7))),IF(ABS(Dataset!E7)+ABS(Dataset!E7)=0,0,ABS(Dataset!E7-Dataset!E7)/(ABS(Dataset!E7)+ABS(Dataset!E7))),IF(ABS(Dataset!F7)+ABS(Dataset!F7)=0,0,ABS(Dataset!F7-Dataset!F7)/(ABS(Dataset!F7)+ABS(Dataset!F7))),IF(ABS(Dataset!G7)+ABS(Dataset!G7)=0,0,ABS(Dataset!G7-Dataset!G7)/(ABS(Dataset!G7)+ABS(Dataset!G7)))) -> 0 | D37: =SUM(IF(ABS(Dataset!B7)+ABS(Dataset!B8)=0,0,ABS(Dataset!B7-Dataset!B8)/(ABS(Dataset!B7)+ABS(Dataset!B8))),IF(ABS(Dataset!C7)+ABS(Dataset!C8)=0,0,ABS(Dataset!C7-Dataset!C8)/(ABS(Dataset!C7)+ABS(Dataset!C8))),IF(ABS(Dataset!D7)+ABS(Dataset!D8)=0,0,ABS(Dataset!D7-Dataset!D8)/(ABS(Dataset!D7)+ABS(Dataset!D8))),IF(ABS(Dataset!E7)+ABS(Dataset!E8)=0,0,ABS(Dataset!E7-Dataset!E8)/(ABS(Dataset!E7)+ABS(Dataset!E8))),IF(ABS(Dataset!F7)+ABS(Dataset!F8)=0,0,ABS(Dataset!F7-Dataset!F8)/(ABS(Dataset!F7)+ABS(Dataset!F8))),IF(ABS(Dataset!G7)+ABS(Dataset!G8)=0,0,ABS(Dataset!G7-Dataset!G8)/(ABS(Dataset!G7)+ABS(Dataset!G8)))) -> 0.49956932 | E37: =SUM(IF(ABS(Dataset!B7)+ABS(Dataset!B9)=0,0,ABS(Dataset!B7-Dataset!B9)/(ABS(Dataset!B7)+ABS(Dataset!B9))),IF(ABS(Dataset!C7)+ABS(Dataset!C9)=0,0,ABS(Dataset!C7-Dataset!C9)/(ABS(Dataset!C7)+ABS(Dataset!C9))),IF(ABS(Dataset!D7)+ABS(Dataset!D9)=0,0,ABS(Dataset!D7-Dataset!D9)/(ABS(Dataset!D7)+ABS(Dataset!D9))),IF(ABS(Dataset!E7)+ABS(Dataset!E9)=0,0,ABS(Dataset!E7-Dataset!E9)/(ABS(Dataset!E7)+ABS(Dataset!E9))),IF(ABS(Dataset!F7)+ABS(Dataset!F9)=0,0,ABS(Dataset!F7-Dataset!F9)/(ABS(Dataset!F7)+ABS(Dataset!F9))),IF(ABS(Dataset!G7)+ABS(Dataset!G9)=0,0,ABS(Dataset!G7-Dataset!G9)/(ABS(Dataset!G7)+ABS(Dataset!G9)))) -> 0.30976727 | F37: =SUM(IF(ABS(Dataset!B7)+ABS(Dataset!B10)=0,0,ABS(Dataset!B7-Dataset!B10)/(ABS(Dataset!B7)+ABS(Dataset!B10))),IF(ABS(Dataset!C7)+ABS(Dataset!C10)=0,0,ABS(Dataset!C7-Dataset!C10)/(ABS(Dataset!C7)+ABS(Dataset!C10))),IF(ABS(Dataset!D7)+ABS(Dataset!D10)=0,0,ABS(Dataset!D7-Dataset!D10)/(ABS(Dataset!D7)+ABS(Dataset!D10))),IF(ABS(Dataset!E7)+ABS(Dataset!E10)=0,0,ABS(Dataset!E7-Dataset!E10)/(ABS(Dataset!E7)+ABS(Dataset!E10))),IF(ABS(Dataset!F7)+ABS(Dataset!F10)=0,0,ABS(Dataset!F7-Dataset!F10)/(ABS(Dataset!F7)+ABS(Dataset!F10))),IF(ABS(Dataset!G7)+ABS(Dataset!G10)=0,0,ABS(Dataset!G7-Dataset!G10)/(ABS(Dataset!G7)+ABS(Dataset!G10)))) -> 0.63149619 | G37: =SUM(IF(ABS(Dataset!B7)+ABS(Dataset!B11)=0,0,ABS(Dataset!B7-Dataset!B11)/(ABS(Dataset!B7)+ABS(Dataset!B11))),IF(ABS(Dataset!C7)+ABS(Dataset!C11)=0,0,ABS(Dataset!C7-Dataset!C11)/(ABS(Dataset!C7)+ABS(Dataset!C11))),IF(ABS(Dataset!D7)+ABS(Dataset!D11)=0,0,ABS(Dataset!D7-Dataset!D11)/(ABS(Dataset!D7)+ABS(Dataset!D11))),IF(ABS(Dataset!E7)+ABS(Dataset!E11)=0,0,ABS(Dataset!E7-Dataset!E11)/(ABS(Dataset!E7)+ABS(Dataset!E11))),IF(ABS(Dataset!F7)+ABS(Dataset!F11)=0,0,ABS(Dataset!F7-Dataset!F11)/(ABS(Dataset!F7)+ABS(Dataset!F11))),IF(ABS(Dataset!G7)+ABS(Dataset!G11)=0,0,ABS(Dataset!G7-Dataset!G11)/(ABS(Dataset!G7)+ABS(Dataset!G11)))) -> 0.33829565 | H37: =SUM(IF(ABS(Dataset!B7)+ABS(Dataset!B12)=0,0,ABS(Dataset!B7-Dataset!B12)/(ABS(Dataset!B7)+ABS(Dataset!B12))),IF(ABS(Dataset!C7)+ABS(Dataset!C12)=0,0,ABS(Dataset!C7-Dataset!C12)/(ABS(Dataset!C7)+ABS(Dataset!C12))),IF(ABS(Dataset!D7)+ABS(Dataset!D12)=0,0,ABS(Dataset!D7-Dataset!D12)/(ABS(Dataset!D7)+ABS(Dataset!D12))),IF(ABS(Dataset!E7)+ABS(Dataset!E12)=0,0,ABS(Dataset!E7-Dataset!E12)/(ABS(Dataset!E7)+ABS(Dataset!E12))),IF(ABS(Dataset!F7)+ABS(Dataset!F12)=0,0,ABS(Dataset!F7-Dataset!F12)/(ABS(Dataset!F7)+ABS(Dataset!F12))),IF(ABS(Dataset!G7)+ABS(Dataset!G12)=0,0,ABS(Dataset!G7-Dataset!G12)/(ABS(Dataset!G7)+ABS(Dataset!G12)))) -> 0.50434795 | I37: =SUM(IF(ABS(Dataset!B7)+ABS(Dataset!B13)=0,0,ABS(Dataset!B7-Dataset!B13)/(ABS(Dataset!B7)+ABS(Dataset!B13))),IF(ABS(Dataset!C7)+ABS(Dataset!C13)=0,0,ABS(Dataset!C7-Dataset!C13)/(ABS(Dataset!C7)+ABS(Dataset!C13))),IF(ABS(Dataset!D7)+ABS(Dataset!D13)=0,0,ABS(Dataset!D7-Dataset!D13)/(ABS(Dataset!D7)+ABS(Dataset!D13))),IF(ABS(Dataset!E7)+ABS(Dataset!E13)=0,0,ABS(Dataset!E7-Dataset!E13)/(ABS(Dataset!E7)+ABS(Dataset!E13))),IF(ABS(Dataset!F7)+ABS(Dataset!F13)=0,0,ABS(Dataset!F7-Dataset!F13)/(ABS(Dataset!F7)+ABS(Dataset!F13))),IF(ABS(Dataset!G7)+ABS(Dataset!G13)=0,0,ABS(Dataset!G7-Dataset!G13)/(ABS(Dataset!G7)+ABS(Dataset!G13)))) -> 0.44345693 | J37: =SUM(IF(ABS(Dataset!B7)+ABS(Dataset!B14)=0,0,ABS(Dataset!B7-Dataset!B14)/(ABS(Dataset!B7)+ABS(Dataset!B14))),IF(ABS(Dataset!C7)+ABS(Dataset!C14)=0,0,ABS(Dataset!C7-Dataset!C14)/(ABS(Dataset!C7)+ABS(Dataset!C14))),IF(ABS(Dataset!D7)+ABS(Dataset!D14)=0,0,ABS(Dataset!D7-Dataset!D14)/(ABS(Dataset!D7)+ABS(Dataset!D14))),IF(ABS(Dataset!E7)+ABS(Dataset!E14)=0,0,ABS(Dataset!E7-Dataset!E14)/(ABS(Dataset!E7)+ABS(Dataset!E14))),IF(ABS(Dataset!F7)+ABS(Dataset!F14)=0,0,ABS(Dataset!F7-Dataset!F14)/(ABS(Dataset!F7)+ABS(Dataset!F14))),IF(ABS(Dataset!G7)+ABS(Dataset!G14)=0,0,ABS(Dataset!G7-Dataset!G14)/(ABS(Dataset!G7)+ABS(Dataset!G14)))) -> 0.66627545 | K37: =SUM(IF(ABS(Dataset!B7)+ABS(Dataset!B15)=0,0,ABS(Dataset!B7-Dataset!B15)/(ABS(Dataset!B7)+ABS(Dataset!B15))),IF(ABS(Dataset!C7)+ABS(Dataset!C15)=0,0,ABS(Dataset!C7-Dataset!C15)/(ABS(Dataset!C7)+ABS(Dataset!C15))),IF(ABS(Dataset!D7)+ABS(Dataset!D15)=0,0,ABS(Dataset!D7-Dataset!D15)/(ABS(Dataset!D7)+ABS(Dataset!D15))),IF(ABS(Dataset!E7)+ABS(Dataset!E15)=0,0,ABS(Dataset!E7-Dataset!E15)/(ABS(Dataset!E7)+ABS(Dataset!E15))),IF(ABS(Dataset!F7)+ABS(Dataset!F15)=0,0,ABS(Dataset!F7-Dataset!F15)/(ABS(Dataset!F7)+ABS(Dataset!F15))),IF(ABS(Dataset!G7)+ABS(Dataset!G15)=0,0,ABS(Dataset!G7-Dataset!G15)/(ABS(Dataset!G7)+ABS(Dataset!G15)))) -> 0.72694742
A38: S3 | B38: =SUM(IF(ABS(Dataset!B8)+ABS(Dataset!B6)=0,0,ABS(Dataset!B8-Dataset!B6)/(ABS(Dataset!B8)+ABS(Dataset!B6))),IF(ABS(Dataset!C8)+ABS(Dataset!C6)=0,0,ABS(Dataset!C8-Dataset!C6)/(ABS(Dataset!C8)+ABS(Dataset!C6))),IF(ABS(Dataset!D8)+ABS(Dataset!D6)=0,0,ABS(Dataset!D8-Dataset!D6)/(ABS(Dataset!D8)+ABS(Dataset!D6))),IF(ABS(Dataset!E8)+ABS(Dataset!E6)=0,0,ABS(Dataset!E8-Dataset!E6)/(ABS(Dataset!E8)+ABS(Dataset!E6))),IF(ABS(Dataset!F8)+ABS(Dataset!F6)=0,0,ABS(Dataset!F8-Dataset!F6)/(ABS(Dataset!F8)+ABS(Dataset!F6))),IF(ABS(Dataset!G8)+ABS(Dataset!G6)=0,0,ABS(Dataset!G8-Dataset!G6)/(ABS(Dataset!G8)+ABS(Dataset!G6)))) -> 1.0373572 | C38: =SUM(IF(ABS(Dataset!B8)+ABS(Dataset!B7)=0,0,ABS(Dataset!B8-Dataset!B7)/(ABS(Dataset!B8)+ABS(Dataset!B7))),IF(ABS(Dataset!C8)+ABS(Dataset!C7)=0,0,ABS(Dataset!C8-Dataset!C7)/(ABS(Dataset!C8)+ABS(Dataset!C7))),IF(ABS(Dataset!D8)+ABS(Dataset!D7)=0,0,ABS(Dataset!D8-Dataset!D7)/(ABS(Dataset!D8)+ABS(Dataset!D7))),IF(ABS(Dataset!E8)+ABS(Dataset!E7)=0,0,ABS(Dataset!E8-Dataset!E7)/(ABS(Dataset!E8)+ABS(Dataset!E7))),IF(ABS(Dataset!F8)+ABS(Dataset!F7)=0,0,ABS(Dataset!F8-Dataset!F7)/(ABS(Dataset!F8)+ABS(Dataset!F7))),IF(ABS(Dataset!G8)+ABS(Dataset!G7)=0,0,ABS(Dataset!G8-Dataset!G7)/(ABS(Dataset!G8)+ABS(Dataset!G7)))) -> 0.49956932 | D38: =SUM(IF(ABS(Dataset!B8)+ABS(Dataset!B8)=0,0,ABS(Dataset!B8-Dataset!B8)/(ABS(Dataset!B8)+ABS(Dataset!B8))),IF(ABS(Dataset!C8)+ABS(Dataset!C8)=0,0,ABS(Dataset!C8-Dataset!C8)/(ABS(Dataset!C8)+ABS(Dataset!C8))),IF(ABS(Dataset!D8)+ABS(Dataset!D8)=0,0,ABS(Dataset!D8-Dataset!D8)/(ABS(Dataset!D8)+ABS(Dataset!D8))),IF(ABS(Dataset!E8)+ABS(Dataset!E8)=0,0,ABS(Dataset!E8-Dataset!E8)/(ABS(Dataset!E8)+ABS(Dataset!E8))),IF(ABS(Dataset!F8)+ABS(Dataset!F8)=0,0,ABS(Dataset!F8-Dataset!F8)/(ABS(Dataset!F8)+ABS(Dataset!F8))),IF(ABS(Dataset!G8)+ABS(Dataset!G8)=0,0,ABS(Dataset!G8-Dataset!G8)/(ABS(Dataset!G8)+ABS(Dataset!G8)))) -> 0 | E38: =SUM(IF(ABS(Dataset!B8)+ABS(Dataset!B9)=0,0,ABS(Dataset!B8-Dataset!B9)/(ABS(Dataset!B8)+ABS(Dataset!B9))),IF(ABS(Dataset!C8)+ABS(Dataset!C9)=0,0,ABS(Dataset!C8-Dataset!C9)/(ABS(Dataset!C8)+ABS(Dataset!C9))),IF(ABS(Dataset!D8)+ABS(Dataset!D9)=0,0,ABS(Dataset!D8-Dataset!D9)/(ABS(Dataset!D8)+ABS(Dataset!D9))),IF(ABS(Dataset!E8)+ABS(Dataset!E9)=0,0,ABS(Dataset!E8-Dataset!E9)/(ABS(Dataset!E8)+ABS(Dataset!E9))),IF(ABS(Dataset!F8)+ABS(Dataset!F9)=0,0,ABS(Dataset!F8-Dataset!F9)/(ABS(Dataset!F8)+ABS(Dataset!F9))),IF(ABS(Dataset!G8)+ABS(Dataset!G9)=0,0,ABS(Dataset!G8-Dataset!G9)/(ABS(Dataset!G8)+ABS(Dataset!G9)))) -> 0.50973126 | F38: =SUM(IF(ABS(Dataset!B8)+ABS(Dataset!B10)=0,0,ABS(Dataset!B8-Dataset!B10)/(ABS(Dataset!B8)+ABS(Dataset!B10))),IF(ABS(Dataset!C8)+ABS(Dataset!C10)=0,0,ABS(Dataset!C8-Dataset!C10)/(ABS(Dataset!C8)+ABS(Dataset!C10))),IF(ABS(Dataset!D8)+ABS(Dataset!D10)=0,0,ABS(Dataset!D8-Dataset!D10)/(ABS(Dataset!D8)+ABS(Dataset!D10))),IF(ABS(Dataset!E8)+ABS(Dataset!E10)=0,0,ABS(Dataset!E8-Dataset!E10)/(ABS(Dataset!E8)+ABS(Dataset!E10))),IF(ABS(Dataset!F8)+ABS(Dataset!F10)=0,0,ABS(Dataset!F8-Dataset!F10)/(ABS(Dataset!F8)+ABS(Dataset!F10))),IF(ABS(Dataset!G8)+ABS(Dataset!G10)=0,0,ABS(Dataset!G8-Dataset!G10)/(ABS(Dataset!G8)+ABS(Dataset!G10)))) -> 0.20266986 | G38: =SUM(IF(ABS(Dataset!B8)+ABS(Dataset!B11)=0,0,ABS(Dataset!B8-Dataset!B11)/(ABS(Dataset!B8)+ABS(Dataset!B11))),IF(ABS(Dataset!C8)+ABS(Dataset!C11)=0,0,ABS(Dataset!C8-Dataset!C11)/(ABS(Dataset!C8)+ABS(Dataset!C11))),IF(ABS(Dataset!D8)+ABS(Dataset!D11)=0,0,ABS(Dataset!D8-Dataset!D11)/(ABS(Dataset!D8)+ABS(Dataset!D11))),IF(ABS(Dataset!E8)+ABS(Dataset!E11)=0,0,ABS(Dataset!E8-Dataset!E11)/(ABS(Dataset!E8)+ABS(Dataset!E11))),IF(ABS(Dataset!F8)+ABS(Dataset!F11)=0,0,ABS(Dataset!F8-Dataset!F11)/(ABS(Dataset!F8)+ABS(Dataset!F11))),IF(ABS(Dataset!G8)+ABS(Dataset!G11)=0,0,ABS(Dataset!G8-Dataset!G11)/(ABS(Dataset!G8)+ABS(Dataset!G11)))) -> 0.36152357 | H38: =SUM(IF(ABS(Dataset!B8)+ABS(Dataset!B12)=0,0,ABS(Dataset!B8-Dataset!B12)/(ABS(Dataset!B8)+ABS(Dataset!B12))),IF(ABS(Dataset!C8)+ABS(Dataset!C12)=0,0,ABS(Dataset!C8-Dataset!C12)/(ABS(Dataset!C8)+ABS(Dataset!C12))),IF(ABS(Dataset!D8)+ABS(Dataset!D12)=0,0,ABS(Dataset!D8-Dataset!D12)/(ABS(Dataset!D8)+ABS(Dataset!D12))),IF(ABS(Dataset!E8)+ABS(Dataset!E12)=0,0,ABS(Dataset!E8-Dataset!E12)/(ABS(Dataset!E8)+ABS(Dataset!E12))),IF(ABS(Dataset!F8)+ABS(Dataset!F12)=0,0,ABS(Dataset!F8-Dataset!F12)/(ABS(Dataset!F8)+ABS(Dataset!F12))),IF(ABS(Dataset!G8)+ABS(Dataset!G12)=0,0,ABS(Dataset!G8-Dataset!G12)/(ABS(Dataset!G8)+ABS(Dataset!G12)))) -> 0.82781059 | I38: =SUM(IF(ABS(Dataset!B8)+ABS(Dataset!B13)=0,0,ABS(Dataset!B8-Dataset!B13)/(ABS(Dataset!B8)+ABS(Dataset!B13))),IF(ABS(Dataset!C8)+ABS(Dataset!C13)=0,0,ABS(Dataset!C8-Dataset!C13)/(ABS(Dataset!C8)+ABS(Dataset!C13))),IF(ABS(Dataset!D8)+ABS(Dataset!D13)=0,0,ABS(Dataset!D8-Dataset!D13)/(ABS(Dataset!D8)+ABS(Dataset!D13))),IF(ABS(Dataset!E8)+ABS(Dataset!E13)=0,0,ABS(Dataset!E8-Dataset!E13)/(ABS(Dataset!E8)+ABS(Dataset!E13))),IF(ABS(Dataset!F8)+ABS(Dataset!F13)=0,0,ABS(Dataset!F8-Dataset!F13)/(ABS(Dataset!F8)+ABS(Dataset!F13))),IF(ABS(Dataset!G8)+ABS(Dataset!G13)=0,0,ABS(Dataset!G8-Dataset!G13)/(ABS(Dataset!G8)+ABS(Dataset!G13)))) -> 0.64530991 | J38: =SUM(IF(ABS(Dataset!B8)+ABS(Dataset!B14)=0,0,ABS(Dataset!B8-Dataset!B14)/(ABS(Dataset!B8)+ABS(Dataset!B14))),IF(ABS(Dataset!C8)+ABS(Dataset!C14)=0,0,ABS(Dataset!C8-Dataset!C14)/(ABS(Dataset!C8)+ABS(Dataset!C14))),IF(ABS(Dataset!D8)+ABS(Dataset!D14)=0,0,ABS(Dataset!D8-Dataset!D14)/(ABS(Dataset!D8)+ABS(Dataset!D14))),IF(ABS(Dataset!E8)+ABS(Dataset!E14)=0,0,ABS(Dataset!E8-Dataset!E14)/(ABS(Dataset!E8)+ABS(Dataset!E14))),IF(ABS(Dataset!F8)+ABS(Dataset!F14)=0,0,ABS(Dataset!F8-Dataset!F14)/(ABS(Dataset!F8)+ABS(Dataset!F14))),IF(ABS(Dataset!G8)+ABS(Dataset!G14)=0,0,ABS(Dataset!G8-Dataset!G14)/(ABS(Dataset!G8)+ABS(Dataset!G14)))) -> 0.24385455 | K38: =SUM(IF(ABS(Dataset!B8)+ABS(Dataset!B15)=0,0,ABS(Dataset!B8-Dataset!B15)/(ABS(Dataset!B8)+ABS(Dataset!B15))),IF(ABS(Dataset!C8)+ABS(Dataset!C15)=0,0,ABS(Dataset!C8-Dataset!C15)/(ABS(Dataset!C8)+ABS(Dataset!C15))),IF(ABS(Dataset!D8)+ABS(Dataset!D15)=0,0,ABS(Dataset!D8-Dataset!D15)/(ABS(Dataset!D8)+ABS(Dataset!D15))),IF(ABS(Dataset!E8)+ABS(Dataset!E15)=0,0,ABS(Dataset!E8-Dataset!E15)/(ABS(Dataset!E8)+ABS(Dataset!E15))),IF(ABS(Dataset!F8)+ABS(Dataset!F15)=0,0,ABS(Dataset!F8-Dataset!F15)/(ABS(Dataset!F8)+ABS(Dataset!F15))),IF(ABS(Dataset!G8)+ABS(Dataset!G15)=0,0,ABS(Dataset!G8-Dataset!G15)/(ABS(Dataset!G8)+ABS(Dataset!G15)))) -> 0.41928045
A39: S4 | B39: =SUM(IF(ABS(Dataset!B9)+ABS(Dataset!B6)=0,0,ABS(Dataset!B9-Dataset!B6)/(ABS(Dataset!B9)+ABS(Dataset!B6))),IF(ABS(Dataset!C9)+ABS(Dataset!C6)=0,0,ABS(Dataset!C9-Dataset!C6)/(ABS(Dataset!C9)+ABS(Dataset!C6))),IF(ABS(Dataset!D9)+ABS(Dataset!D6)=0,0,ABS(Dataset!D9-Dataset!D6)/(ABS(Dataset!D9)+ABS(Dataset!D6))),IF(ABS(Dataset!E9)+ABS(Dataset!E6)=0,0,ABS(Dataset!E9-Dataset!E6)/(ABS(Dataset!E9)+ABS(Dataset!E6))),IF(ABS(Dataset!F9)+ABS(Dataset!F6)=0,0,ABS(Dataset!F9-Dataset!F6)/(ABS(Dataset!F9)+ABS(Dataset!F6))),IF(ABS(Dataset!G9)+ABS(Dataset!G6)=0,0,ABS(Dataset!G9-Dataset!G6)/(ABS(Dataset!G9)+ABS(Dataset!G6)))) -> 0.56283496 | C39: =SUM(IF(ABS(Dataset!B9)+ABS(Dataset!B7)=0,0,ABS(Dataset!B9-Dataset!B7)/(ABS(Dataset!B9)+ABS(Dataset!B7))),IF(ABS(Dataset!C9)+ABS(Dataset!C7)=0,0,ABS(Dataset!C9-Dataset!C7)/(ABS(Dataset!C9)+ABS(Dataset!C7))),IF(ABS(Dataset!D9)+ABS(Dataset!D7)=0,0,ABS(Dataset!D9-Dataset!D7)/(ABS(Dataset!D9)+ABS(Dataset!D7))),IF(ABS(Dataset!E9)+ABS(Dataset!E7)=0,0,ABS(Dataset!E9-Dataset!E7)/(ABS(Dataset!E9)+ABS(Dataset!E7))),IF(ABS(Dataset!F9)+ABS(Dataset!F7)=0,0,ABS(Dataset!F9-Dataset!F7)/(ABS(Dataset!F9)+ABS(Dataset!F7))),IF(ABS(Dataset!G9)+ABS(Dataset!G7)=0,0,ABS(Dataset!G9-Dataset!G7)/(ABS(Dataset!G9)+ABS(Dataset!G7)))) -> 0.30976727 | D39: =SUM(IF(ABS(Dataset!B9)+ABS(Dataset!B8)=0,0,ABS(Dataset!B9-Dataset!B8)/(ABS(Dataset!B9)+ABS(Dataset!B8))),IF(ABS(Dataset!C9)+ABS(Dataset!C8)=0,0,ABS(Dataset!C9-Dataset!C8)/(ABS(Dataset!C9)+ABS(Dataset!C8))),IF(ABS(Dataset!D9)+ABS(Dataset!D8)=0,0,ABS(Dataset!D9-Dataset!D8)/(ABS(Dataset!D9)+ABS(Dataset!D8))),IF(ABS(Dataset!E9)+ABS(Dataset!E8)=0,0,ABS(Dataset!E9-Dataset!E8)/(ABS(Dataset!E9)+ABS(Dataset!E8))),IF(ABS(Dataset!F9)+ABS(Dataset!F8)=0,0,ABS(Dataset!F9-Dataset!F8)/(ABS(Dataset!F9)+ABS(Dataset!F8))),IF(ABS(Dataset!G9)+ABS(Dataset!G8)=0,0,ABS(Dataset!G9-Dataset!G8)/(ABS(Dataset!G9)+ABS(Dataset!G8)))) -> 0.50973126 | E39: =SUM(IF(ABS(Dataset!B9)+ABS(Dataset!B9)=0,0,ABS(Dataset!B9-Dataset!B9)/(ABS(Dataset!B9)+ABS(Dataset!B9))),IF(ABS(Dataset!C9)+ABS(Dataset!C9)=0,0,ABS(Dataset!C9-Dataset!C9)/(ABS(Dataset!C9)+ABS(Dataset!C9))),IF(ABS(Dataset!D9)+ABS(Dataset!D9)=0,0,ABS(Dataset!D9-Dataset!D9)/(ABS(Dataset!D9)+ABS(Dataset!D9))),IF(ABS(Dataset!E9)+ABS(Dataset!E9)=0,0,ABS(Dataset!E9-Dataset!E9)/(ABS(Dataset!E9)+ABS(Dataset!E9))),IF(ABS(Dataset!F9)+ABS(Dataset!F9)=0,0,ABS(Dataset!F9-Dataset!F9)/(ABS(Dataset!F9)+ABS(Dataset!F9))),IF(ABS(Dataset!G9)+ABS(Dataset!G9)=0,0,ABS(Dataset!G9-Dataset!G9)/(ABS(Dataset!G9)+ABS(Dataset!G9)))) -> 0 | F39: =SUM(IF(ABS(Dataset!B9)+ABS(Dataset!B10)=0,0,ABS(Dataset!B9-Dataset!B10)/(ABS(Dataset!B9)+ABS(Dataset!B10))),IF(ABS(Dataset!C9)+ABS(Dataset!C10)=0,0,ABS(Dataset!C9-Dataset!C10)/(ABS(Dataset!C9)+ABS(Dataset!C10))),IF(ABS(Dataset!D9)+ABS(Dataset!D10)=0,0,ABS(Dataset!D9-Dataset!D10)/(ABS(Dataset!D9)+ABS(Dataset!D10))),IF(ABS(Dataset!E9)+ABS(Dataset!E10)=0,0,ABS(Dataset!E9-Dataset!E10)/(ABS(Dataset!E9)+ABS(Dataset!E10))),IF(ABS(Dataset!F9)+ABS(Dataset!F10)=0,0,ABS(Dataset!F9-Dataset!F10)/(ABS(Dataset!F9)+ABS(Dataset!F10))),IF(ABS(Dataset!G9)+ABS(Dataset!G10)=0,0,ABS(Dataset!G9-Dataset!G10)/(ABS(Dataset!G9)+ABS(Dataset!G10)))) -> 0.68363388 | G39: =SUM(IF(ABS(Dataset!B9)+ABS(Dataset!B11)=0,0,ABS(Dataset!B9-Dataset!B11)/(ABS(Dataset!B9)+ABS(Dataset!B11))),IF(ABS(Dataset!C9)+ABS(Dataset!C11)=0,0,ABS(Dataset!C9-Dataset!C11)/(ABS(Dataset!C9)+ABS(Dataset!C11))),IF(ABS(Dataset!D9)+ABS(Dataset!D11)=0,0,ABS(Dataset!D9-Dataset!D11)/(ABS(Dataset!D9)+ABS(Dataset!D11))),IF(ABS(Dataset!E9)+ABS(Dataset!E11)=0,0,ABS(Dataset!E9-Dataset!E11)/(ABS(Dataset!E9)+ABS(Dataset!E11))),IF(ABS(Dataset!F9)+ABS(Dataset!F11)=0,0,ABS(Dataset!F9-Dataset!F11)/(ABS(Dataset!F9)+ABS(Dataset!F11))),IF(ABS(Dataset!G9)+ABS(Dataset!G11)=0,0,ABS(Dataset!G9-Dataset!G11)/(ABS(Dataset!G9)+ABS(Dataset!G11)))) -> 0.22051612 | H39: =SUM(IF(ABS(Dataset!B9)+ABS(Dataset!B12)=0,0,ABS(Dataset!B9-Dataset!B12)/(ABS(Dataset!B9)+ABS(Dataset!B12))),IF(ABS(Dataset!C9)+ABS(Dataset!C12)=0,0,ABS(Dataset!C9-Dataset!C12)/(ABS(Dataset!C9)+ABS(Dataset!C12))),IF(ABS(Dataset!D9)+ABS(Dataset!D12)=0,0,ABS(Dataset!D9-Dataset!D12)/(ABS(Dataset!D9)+ABS(Dataset!D12))),IF(ABS(Dataset!E9)+ABS(Dataset!E12)=0,0,ABS(Dataset!E9-Dataset!E12)/(ABS(Dataset!E9)+ABS(Dataset!E12))),IF(ABS(Dataset!F9)+ABS(Dataset!F12)=0,0,ABS(Dataset!F9-Dataset!F12)/(ABS(Dataset!F9)+ABS(Dataset!F12))),IF(ABS(Dataset!G9)+ABS(Dataset!G12)=0,0,ABS(Dataset!G9-Dataset!G12)/(ABS(Dataset!G9)+ABS(Dataset!G12)))) -> 0.32128863 | I39: =SUM(IF(ABS(Dataset!B9)+ABS(Dataset!B13)=0,0,ABS(Dataset!B9-Dataset!B13)/(ABS(Dataset!B9)+ABS(Dataset!B13))),IF(ABS(Dataset!C9)+ABS(Dataset!C13)=0,0,ABS(Dataset!C9-Dataset!C13)/(ABS(Dataset!C9)+ABS(Dataset!C13))),IF(ABS(Dataset!D9)+ABS(Dataset!D13)=0,0,ABS(Dataset!D9-Dataset!D13)/(ABS(Dataset!D9)+ABS(Dataset!D13))),IF(ABS(Dataset!E9)+ABS(Dataset!E13)=0,0,ABS(Dataset!E9-Dataset!E13)/(ABS(Dataset!E9)+ABS(Dataset!E13))),IF(ABS(Dataset!F9)+ABS(Dataset!F13)=0,0,ABS(Dataset!F9-Dataset!F13)/(ABS(Dataset!F9)+ABS(Dataset!F13))),IF(ABS(Dataset!G9)+ABS(Dataset!G13)=0,0,ABS(Dataset!G9-Dataset!G13)/(ABS(Dataset!G9)+ABS(Dataset!G13)))) -> 0.20220354 | J39: =SUM(IF(ABS(Dataset!B9)+ABS(Dataset!B14)=0,0,ABS(Dataset!B9-Dataset!B14)/(ABS(Dataset!B9)+ABS(Dataset!B14))),IF(ABS(Dataset!C9)+ABS(Dataset!C14)=0,0,ABS(Dataset!C9-Dataset!C14)/(ABS(Dataset!C9)+ABS(Dataset!C14))),IF(ABS(Dataset!D9)+ABS(Dataset!D14)=0,0,ABS(Dataset!D9-Dataset!D14)/(ABS(Dataset!D9)+ABS(Dataset!D14))),IF(ABS(Dataset!E9)+ABS(Dataset!E14)=0,0,ABS(Dataset!E9-Dataset!E14)/(ABS(Dataset!E9)+ABS(Dataset!E14))),IF(ABS(Dataset!F9)+ABS(Dataset!F14)=0,0,ABS(Dataset!F9-Dataset!F14)/(ABS(Dataset!F9)+ABS(Dataset!F14))),IF(ABS(Dataset!G9)+ABS(Dataset!G14)=0,0,ABS(Dataset!G9-Dataset!G14)/(ABS(Dataset!G9)+ABS(Dataset!G14)))) -> 0.71919509 | K39: =SUM(IF(ABS(Dataset!B9)+ABS(Dataset!B15)=0,0,ABS(Dataset!B9-Dataset!B15)/(ABS(Dataset!B9)+ABS(Dataset!B15))),IF(ABS(Dataset!C9)+ABS(Dataset!C15)=0,0,ABS(Dataset!C9-Dataset!C15)/(ABS(Dataset!C9)+ABS(Dataset!C15))),IF(ABS(Dataset!D9)+ABS(Dataset!D15)=0,0,ABS(Dataset!D9-Dataset!D15)/(ABS(Dataset!D9)+ABS(Dataset!D15))),IF(ABS(Dataset!E9)+ABS(Dataset!E15)=0,0,ABS(Dataset!E9-Dataset!E15)/(ABS(Dataset!E9)+ABS(Dataset!E15))),IF(ABS(Dataset!F9)+ABS(Dataset!F15)=0,0,ABS(Dataset!F9-Dataset!F15)/(ABS(Dataset!F9)+ABS(Dataset!F15))),IF(ABS(Dataset!G9)+ABS(Dataset!G15)=0,0,ABS(Dataset!G9-Dataset!G15)/(ABS(Dataset!G9)+ABS(Dataset!G15)))) -> 0.74225383
A40: S5 | B40: =SUM(IF(ABS(Dataset!B10)+ABS(Dataset!B6)=0,0,ABS(Dataset!B10-Dataset!B6)/(ABS(Dataset!B10)+ABS(Dataset!B6))),IF(ABS(Dataset!C10)+ABS(Dataset!C6)=0,0,ABS(Dataset!C10-Dataset!C6)/(ABS(Dataset!C10)+ABS(Dataset!C6))),IF(ABS(Dataset!D10)+ABS(Dataset!D6)=0,0,ABS(Dataset!D10-Dataset!D6)/(ABS(Dataset!D10)+ABS(Dataset!D6))),IF(ABS(Dataset!E10)+ABS(Dataset!E6)=0,0,ABS(Dataset!E10-Dataset!E6)/(ABS(Dataset!E10)+ABS(Dataset!E6))),IF(ABS(Dataset!F10)+ABS(Dataset!F6)=0,0,ABS(Dataset!F10-Dataset!F6)/(ABS(Dataset!F10)+ABS(Dataset!F6))),IF(ABS(Dataset!G10)+ABS(Dataset!G6)=0,0,ABS(Dataset!G10-Dataset!G6)/(ABS(Dataset!G10)+ABS(Dataset!G6)))) -> 1.1520855 | C40: =SUM(IF(ABS(Dataset!B10)+ABS(Dataset!B7)=0,0,ABS(Dataset!B10-Dataset!B7)/(ABS(Dataset!B10)+ABS(Dataset!B7))),IF(ABS(Dataset!C10)+ABS(Dataset!C7)=0,0,ABS(Dataset!C10-Dataset!C7)/(ABS(Dataset!C10)+ABS(Dataset!C7))),IF(ABS(Dataset!D10)+ABS(Dataset!D7)=0,0,ABS(Dataset!D10-Dataset!D7)/(ABS(Dataset!D10)+ABS(Dataset!D7))),IF(ABS(Dataset!E10)+ABS(Dataset!E7)=0,0,ABS(Dataset!E10-Dataset!E7)/(ABS(Dataset!E10)+ABS(Dataset!E7))),IF(ABS(Dataset!F10)+ABS(Dataset!F7)=0,0,ABS(Dataset!F10-Dataset!F7)/(ABS(Dataset!F10)+ABS(Dataset!F7))),IF(ABS(Dataset!G10)+ABS(Dataset!G7)=0,0,ABS(Dataset!G10-Dataset!G7)/(ABS(Dataset!G10)+ABS(Dataset!G7)))) -> 0.63149619 | D40: =SUM(IF(ABS(Dataset!B10)+ABS(Dataset!B8)=0,0,ABS(Dataset!B10-Dataset!B8)/(ABS(Dataset!B10)+ABS(Dataset!B8))),IF(ABS(Dataset!C10)+ABS(Dataset!C8)=0,0,ABS(Dataset!C10-Dataset!C8)/(ABS(Dataset!C10)+ABS(Dataset!C8))),IF(ABS(Dataset!D10)+ABS(Dataset!D8)=0,0,ABS(Dataset!D10-Dataset!D8)/(ABS(Dataset!D10)+ABS(Dataset!D8))),IF(ABS(Dataset!E10)+ABS(Dataset!E8)=0,0,ABS(Dataset!E10-Dataset!E8)/(ABS(Dataset!E10)+ABS(Dataset!E8))),IF(ABS(Dataset!F10)+ABS(Dataset!F8)=0,0,ABS(Dataset!F10-Dataset!F8)/(ABS(Dataset!F10)+ABS(Dataset!F8))),IF(ABS(Dataset!G10)+ABS(Dataset!G8)=0,0,ABS(Dataset!G10-Dataset!G8)/(ABS(Dataset!G10)+ABS(Dataset!G8)))) -> 0.20266986 | E40: =SUM(IF(ABS(Dataset!B10)+ABS(Dataset!B9)=0,0,ABS(Dataset!B10-Dataset!B9)/(ABS(Dataset!B10)+ABS(Dataset!B9))),IF(ABS(Dataset!C10)+ABS(Dataset!C9)=0,0,ABS(Dataset!C10-Dataset!C9)/(ABS(Dataset!C10)+ABS(Dataset!C9))),IF(ABS(Dataset!D10)+ABS(Dataset!D9)=0,0,ABS(Dataset!D10-Dataset!D9)/(ABS(Dataset!D10)+ABS(Dataset!D9))),IF(ABS(Dataset!E10)+ABS(Dataset!E9)=0,0,ABS(Dataset!E10-Dataset!E9)/(ABS(Dataset!E10)+ABS(Dataset!E9))),IF(ABS(Dataset!F10)+ABS(Dataset!F9)=0,0,ABS(Dataset!F10-Dataset!F9)/(ABS(Dataset!F10)+ABS(Dataset!F9))),IF(ABS(Dataset!G10)+ABS(Dataset!G9)=0,0,ABS(Dataset!G10-Dataset!G9)/(ABS(Dataset!G10)+ABS(Dataset!G9)))) -> 0.68363388 | F40: =SUM(IF(ABS(Dataset!B10)+ABS(Dataset!B10)=0,0,ABS(Dataset!B10-Dataset!B10)/(ABS(Dataset!B10)+ABS(Dataset!B10))),IF(ABS(Dataset!C10)+ABS(Dataset!C10)=0,0,ABS(Dataset!C10-Dataset!C10)/(ABS(Dataset!C10)+ABS(Dataset!C10))),IF(ABS(Dataset!D10)+ABS(Dataset!D10)=0,0,ABS(Dataset!D10-Dataset!D10)/(ABS(Dataset!D10)+ABS(Dataset!D10))),IF(ABS(Dataset!E10)+ABS(Dataset!E10)=0,0,ABS(Dataset!E10-Dataset!E10)/(ABS(Dataset!E10)+ABS(Dataset!E10))),IF(ABS(Dataset!F10)+ABS(Dataset!F10)=0,0,ABS(Dataset!F10-Dataset!F10)/(ABS(Dataset!F10)+ABS(Dataset!F10))),IF(ABS(Dataset!G10)+ABS(Dataset!G10)=0,0,ABS(Dataset!G10-Dataset!G10)/(ABS(Dataset!G10)+ABS(Dataset!G10)))) -> 0 | G40: =SUM(IF(ABS(Dataset!B10)+ABS(Dataset!B11)=0,0,ABS(Dataset!B10-Dataset!B11)/(ABS(Dataset!B10)+ABS(Dataset!B11))),IF(ABS(Dataset!C10)+ABS(Dataset!C11)=0,0,ABS(Dataset!C10-Dataset!C11)/(ABS(Dataset!C10)+ABS(Dataset!C11))),IF(ABS(Dataset!D10)+ABS(Dataset!D11)=0,0,ABS(Dataset!D10-Dataset!D11)/(ABS(Dataset!D10)+ABS(Dataset!D11))),IF(ABS(Dataset!E10)+ABS(Dataset!E11)=0,0,ABS(Dataset!E10-Dataset!E11)/(ABS(Dataset!E10)+ABS(Dataset!E11))),IF(ABS(Dataset!F10)+ABS(Dataset!F11)=0,0,ABS(Dataset!F10-Dataset!F11)/(ABS(Dataset!F10)+ABS(Dataset!F11))),IF(ABS(Dataset!G10)+ABS(Dataset!G11)=0,0,ABS(Dataset!G10-Dataset!G11)/(ABS(Dataset!G10)+ABS(Dataset!G11)))) -> 0.53694534 | H40: =SUM(IF(ABS(Dataset!B10)+ABS(Dataset!B12)=0,0,ABS(Dataset!B10-Dataset!B12)/(ABS(Dataset!B10)+ABS(Dataset!B12))),IF(ABS(Dataset!C10)+ABS(Dataset!C12)=0,0,ABS(Dataset!C10-Dataset!C12)/(ABS(Dataset!C10)+ABS(Dataset!C12))),IF(ABS(Dataset!D10)+ABS(Dataset!D12)=0,0,ABS(Dataset!D10-Dataset!D12)/(ABS(Dataset!D10)+ABS(Dataset!D12))),IF(ABS(Dataset!E10)+ABS(Dataset!E12)=0,0,ABS(Dataset!E10-Dataset!E12)/(ABS(Dataset!E10)+ABS(Dataset!E12))),IF(ABS(Dataset!F10)+ABS(Dataset!F12)=0,0,ABS(Dataset!F10-Dataset!F12)/(ABS(Dataset!F10)+ABS(Dataset!F12))),IF(ABS(Dataset!G10)+ABS(Dataset!G12)=0,0,ABS(Dataset!G10-Dataset!G12)/(ABS(Dataset!G10)+ABS(Dataset!G12)))) -> 1.0002399 | I40: =SUM(IF(ABS(Dataset!B10)+ABS(Dataset!B13)=0,0,ABS(Dataset!B10-Dataset!B13)/(ABS(Dataset!B10)+ABS(Dataset!B13))),IF(ABS(Dataset!C10)+ABS(Dataset!C13)=0,0,ABS(Dataset!C10-Dataset!C13)/(ABS(Dataset!C10)+ABS(Dataset!C13))),IF(ABS(Dataset!D10)+ABS(Dataset!D13)=0,0,ABS(Dataset!D10-Dataset!D13)/(ABS(Dataset!D10)+ABS(Dataset!D13))),IF(ABS(Dataset!E10)+ABS(Dataset!E13)=0,0,ABS(Dataset!E10-Dataset!E13)/(ABS(Dataset!E10)+ABS(Dataset!E13))),IF(ABS(Dataset!F10)+ABS(Dataset!F13)=0,0,ABS(Dataset!F10-Dataset!F13)/(ABS(Dataset!F10)+ABS(Dataset!F13))),IF(ABS(Dataset!G10)+ABS(Dataset!G13)=0,0,ABS(Dataset!G10-Dataset!G13)/(ABS(Dataset!G10)+ABS(Dataset!G13)))) -> 0.81874569 | J40: =SUM(IF(ABS(Dataset!B10)+ABS(Dataset!B14)=0,0,ABS(Dataset!B10-Dataset!B14)/(ABS(Dataset!B10)+ABS(Dataset!B14))),IF(ABS(Dataset!C10)+ABS(Dataset!C14)=0,0,ABS(Dataset!C10-Dataset!C14)/(ABS(Dataset!C10)+ABS(Dataset!C14))),IF(ABS(Dataset!D10)+ABS(Dataset!D14)=0,0,ABS(Dataset!D10-Dataset!D14)/(ABS(Dataset!D10)+ABS(Dataset!D14))),IF(ABS(Dataset!E10)+ABS(Dataset!E14)=0,0,ABS(Dataset!E10-Dataset!E14)/(ABS(Dataset!E10)+ABS(Dataset!E14))),IF(ABS(Dataset!F10)+ABS(Dataset!F14)=0,0,ABS(Dataset!F10-Dataset!F14)/(ABS(Dataset!F10)+ABS(Dataset!F14))),IF(ABS(Dataset!G10)+ABS(Dataset!G14)=0,0,ABS(Dataset!G10-Dataset!G14)/(ABS(Dataset!G10)+ABS(Dataset!G14)))) -> 0.07319747 | K40: =SUM(IF(ABS(Dataset!B10)+ABS(Dataset!B15)=0,0,ABS(Dataset!B10-Dataset!B15)/(ABS(Dataset!B10)+ABS(Dataset!B15))),IF(ABS(Dataset!C10)+ABS(Dataset!C15)=0,0,ABS(Dataset!C10-Dataset!C15)/(ABS(Dataset!C10)+ABS(Dataset!C15))),IF(ABS(Dataset!D10)+ABS(Dataset!D15)=0,0,ABS(Dataset!D10-Dataset!D15)/(ABS(Dataset!D10)+ABS(Dataset!D15))),IF(ABS(Dataset!E10)+ABS(Dataset!E15)=0,0,ABS(Dataset!E10-Dataset!E15)/(ABS(Dataset!E10)+ABS(Dataset!E15))),IF(ABS(Dataset!F10)+ABS(Dataset!F15)=0,0,ABS(Dataset!F10-Dataset!F15)/(ABS(Dataset!F10)+ABS(Dataset!F15))),IF(ABS(Dataset!G10)+ABS(Dataset!G15)=0,0,ABS(Dataset!G10-Dataset!G15)/(ABS(Dataset!G10)+ABS(Dataset!G15)))) -> 0.21699552
A41: S6 | B41: =SUM(IF(ABS(Dataset!B11)+ABS(Dataset!B6)=0,0,ABS(Dataset!B11-Dataset!B6)/(ABS(Dataset!B11)+ABS(Dataset!B6))),IF(ABS(Dataset!C11)+ABS(Dataset!C6)=0,0,ABS(Dataset!C11-Dataset!C6)/(ABS(Dataset!C11)+ABS(Dataset!C6))),IF(ABS(Dataset!D11)+ABS(Dataset!D6)=0,0,ABS(Dataset!D11-Dataset!D6)/(ABS(Dataset!D11)+ABS(Dataset!D6))),IF(ABS(Dataset!E11)+ABS(Dataset!E6)=0,0,ABS(Dataset!E11-Dataset!E6)/(ABS(Dataset!E11)+ABS(Dataset!E6))),IF(ABS(Dataset!F11)+ABS(Dataset!F6)=0,0,ABS(Dataset!F11-Dataset!F6)/(ABS(Dataset!F11)+ABS(Dataset!F6))),IF(ABS(Dataset!G11)+ABS(Dataset!G6)=0,0,ABS(Dataset!G11-Dataset!G6)/(ABS(Dataset!G11)+ABS(Dataset!G6)))) -> 0.68167905 | C41: =SUM(IF(ABS(Dataset!B11)+ABS(Dataset!B7)=0,0,ABS(Dataset!B11-Dataset!B7)/(ABS(Dataset!B11)+ABS(Dataset!B7))),IF(ABS(Dataset!C11)+ABS(Dataset!C7)=0,0,ABS(Dataset!C11-Dataset!C7)/(ABS(Dataset!C11)+ABS(Dataset!C7))),IF(ABS(Dataset!D11)+ABS(Dataset!D7)=0,0,ABS(Dataset!D11-Dataset!D7)/(ABS(Dataset!D11)+ABS(Dataset!D7))),IF(ABS(Dataset!E11)+ABS(Dataset!E7)=0,0,ABS(Dataset!E11-Dataset!E7)/(ABS(Dataset!E11)+ABS(Dataset!E7))),IF(ABS(Dataset!F11)+ABS(Dataset!F7)=0,0,ABS(Dataset!F11-Dataset!F7)/(ABS(Dataset!F11)+ABS(Dataset!F7))),IF(ABS(Dataset!G11)+ABS(Dataset!G7)=0,0,ABS(Dataset!G11-Dataset!G7)/(ABS(Dataset!G11)+ABS(Dataset!G7)))) -> 0.33829565 | D41: =SUM(IF(ABS(Dataset!B11)+ABS(Dataset!B8)=0,0,ABS(Dataset!B11-Dataset!B8)/(ABS(Dataset!B11)+ABS(Dataset!B8))),IF(ABS(Dataset!C11)+ABS(Dataset!C8)=0,0,ABS(Dataset!C11-Dataset!C8)/(ABS(Dataset!C11)+ABS(Dataset!C8))),IF(ABS(Dataset!D11)+ABS(Dataset!D8)=0,0,ABS(Dataset!D11-Dataset!D8)/(ABS(Dataset!D11)+ABS(Dataset!D8))),IF(ABS(Dataset!E11)+ABS(Dataset!E8)=0,0,ABS(Dataset!E11-Dataset!E8)/(ABS(Dataset!E11)+ABS(Dataset!E8))),IF(ABS(Dataset!F11)+ABS(Dataset!F8)=0,0,ABS(Dataset!F11-Dataset!F8)/(ABS(Dataset!F11)+ABS(Dataset!F8))),IF(ABS(Dataset!G11)+ABS(Dataset!G8)=0,0,ABS(Dataset!G11-Dataset!G8)/(ABS(Dataset!G11)+ABS(Dataset!G8)))) -> 0.36152357 | E41: =SUM(IF(ABS(Dataset!B11)+ABS(Dataset!B9)=0,0,ABS(Dataset!B11-Dataset!B9)/(ABS(Dataset!B11)+ABS(Dataset!B9))),IF(ABS(Dataset!C11)+ABS(Dataset!C9)=0,0,ABS(Dataset!C11-Dataset!C9)/(ABS(Dataset!C11)+ABS(Dataset!C9))),IF(ABS(Dataset!D11)+ABS(Dataset!D9)=0,0,ABS(Dataset!D11-Dataset!D9)/(ABS(Dataset!D11)+ABS(Dataset!D9))),IF(ABS(Dataset!E11)+ABS(Dataset!E9)=0,0,ABS(Dataset!E11-Dataset!E9)/(ABS(Dataset!E11)+ABS(Dataset!E9))),IF(ABS(Dataset!F11)+ABS(Dataset!F9)=0,0,ABS(Dataset!F11-Dataset!F9)/(ABS(Dataset!F11)+ABS(Dataset!F9))),IF(ABS(Dataset!G11)+ABS(Dataset!G9)=0,0,ABS(Dataset!G11-Dataset!G9)/(ABS(Dataset!G11)+ABS(Dataset!G9)))) -> 0.22051612 | F41: =SUM(IF(ABS(Dataset!B11)+ABS(Dataset!B10)=0,0,ABS(Dataset!B11-Dataset!B10)/(ABS(Dataset!B11)+ABS(Dataset!B10))),IF(ABS(Dataset!C11)+ABS(Dataset!C10)=0,0,ABS(Dataset!C11-Dataset!C10)/(ABS(Dataset!C11)+ABS(Dataset!C10))),IF(ABS(Dataset!D11)+ABS(Dataset!D10)=0,0,ABS(Dataset!D11-Dataset!D10)/(ABS(Dataset!D11)+ABS(Dataset!D10))),IF(ABS(Dataset!E11)+ABS(Dataset!E10)=0,0,ABS(Dataset!E11-Dataset!E10)/(ABS(Dataset!E11)+ABS(Dataset!E10))),IF(ABS(Dataset!F11)+ABS(Dataset!F10)=0,0,ABS(Dataset!F11-Dataset!F10)/(ABS(Dataset!F11)+ABS(Dataset!F10))),IF(ABS(Dataset!G11)+ABS(Dataset!G10)=0,0,ABS(Dataset!G11-Dataset!G10)/(ABS(Dataset!G11)+ABS(Dataset!G10)))) -> 0.53694534 | G41: =SUM(IF(ABS(Dataset!B11)+ABS(Dataset!B11)=0,0,ABS(Dataset!B11-Dataset!B11)/(ABS(Dataset!B11)+ABS(Dataset!B11))),IF(ABS(Dataset!C11)+ABS(Dataset!C11)=0,0,ABS(Dataset!C11-Dataset!C11)/(ABS(Dataset!C11)+ABS(Dataset!C11))),IF(ABS(Dataset!D11)+ABS(Dataset!D11)=0,0,ABS(Dataset!D11-Dataset!D11)/(ABS(Dataset!D11)+ABS(Dataset!D11))),IF(ABS(Dataset!E11)+ABS(Dataset!E11)=0,0,ABS(Dataset!E11-Dataset!E11)/(ABS(Dataset!E11)+ABS(Dataset!E11))),IF(ABS(Dataset!F11)+ABS(Dataset!F11)=0,0,ABS(Dataset!F11-Dataset!F11)/(ABS(Dataset!F11)+ABS(Dataset!F11))),IF(ABS(Dataset!G11)+ABS(Dataset!G11)=0,0,ABS(Dataset!G11-Dataset!G11)/(ABS(Dataset!G11)+ABS(Dataset!G11)))) -> 0 | H41: =SUM(IF(ABS(Dataset!B11)+ABS(Dataset!B12)=0,0,ABS(Dataset!B11-Dataset!B12)/(ABS(Dataset!B11)+ABS(Dataset!B12))),IF(ABS(Dataset!C11)+ABS(Dataset!C12)=0,0,ABS(Dataset!C11-Dataset!C12)/(ABS(Dataset!C11)+ABS(Dataset!C12))),IF(ABS(Dataset!D11)+ABS(Dataset!D12)=0,0,ABS(Dataset!D11-Dataset!D12)/(ABS(Dataset!D11)+ABS(Dataset!D12))),IF(ABS(Dataset!E11)+ABS(Dataset!E12)=0,0,ABS(Dataset!E11-Dataset!E12)/(ABS(Dataset!E11)+ABS(Dataset!E12))),IF(ABS(Dataset!F11)+ABS(Dataset!F12)=0,0,ABS(Dataset!F11-Dataset!F12)/(ABS(Dataset!F11)+ABS(Dataset!F12))),IF(ABS(Dataset!G11)+ABS(Dataset!G12)=0,0,ABS(Dataset!G11-Dataset!G12)/(ABS(Dataset!G11)+ABS(Dataset!G12)))) -> 0.46984068 | I41: =SUM(IF(ABS(Dataset!B11)+ABS(Dataset!B13)=0,0,ABS(Dataset!B11-Dataset!B13)/(ABS(Dataset!B11)+ABS(Dataset!B13))),IF(ABS(Dataset!C11)+ABS(Dataset!C13)=0,0,ABS(Dataset!C11-Dataset!C13)/(ABS(Dataset!C11)+ABS(Dataset!C13))),IF(ABS(Dataset!D11)+ABS(Dataset!D13)=0,0,ABS(Dataset!D11-Dataset!D13)/(ABS(Dataset!D11)+ABS(Dataset!D13))),IF(ABS(Dataset!E11)+ABS(Dataset!E13)=0,0,ABS(Dataset!E11-Dataset!E13)/(ABS(Dataset!E11)+ABS(Dataset!E13))),IF(ABS(Dataset!F11)+ABS(Dataset!F13)=0,0,ABS(Dataset!F11-Dataset!F13)/(ABS(Dataset!F11)+ABS(Dataset!F13))),IF(ABS(Dataset!G11)+ABS(Dataset!G13)=0,0,ABS(Dataset!G11-Dataset!G13)/(ABS(Dataset!G11)+ABS(Dataset!G13)))) -> 0.28494557 | J41: =SUM(IF(ABS(Dataset!B11)+ABS(Dataset!B14)=0,0,ABS(Dataset!B11-Dataset!B14)/(ABS(Dataset!B11)+ABS(Dataset!B14))),IF(ABS(Dataset!C11)+ABS(Dataset!C14)=0,0,ABS(Dataset!C11-Dataset!C14)/(ABS(Dataset!C11)+ABS(Dataset!C14))),IF(ABS(Dataset!D11)+ABS(Dataset!D14)=0,0,ABS(Dataset!D11-Dataset!D14)/(ABS(Dataset!D11)+ABS(Dataset!D14))),IF(ABS(Dataset!E11)+ABS(Dataset!E14)=0,0,ABS(Dataset!E11-Dataset!E14)/(ABS(Dataset!E11)+ABS(Dataset!E14))),IF(ABS(Dataset!F11)+ABS(Dataset!F14)=0,0,ABS(Dataset!F11-Dataset!F14)/(ABS(Dataset!F11)+ABS(Dataset!F14))),IF(ABS(Dataset!G11)+ABS(Dataset!G14)=0,0,ABS(Dataset!G11-Dataset!G14)/(ABS(Dataset!G11)+ABS(Dataset!G14)))) -> 0.57267683 | K41: =SUM(IF(ABS(Dataset!B11)+ABS(Dataset!B15)=0,0,ABS(Dataset!B11-Dataset!B15)/(ABS(Dataset!B11)+ABS(Dataset!B15))),IF(ABS(Dataset!C11)+ABS(Dataset!C15)=0,0,ABS(Dataset!C11-Dataset!C15)/(ABS(Dataset!C11)+ABS(Dataset!C15))),IF(ABS(Dataset!D11)+ABS(Dataset!D15)=0,0,ABS(Dataset!D11-Dataset!D15)/(ABS(Dataset!D11)+ABS(Dataset!D15))),IF(ABS(Dataset!E11)+ABS(Dataset!E15)=0,0,ABS(Dataset!E11-Dataset!E15)/(ABS(Dataset!E11)+ABS(Dataset!E15))),IF(ABS(Dataset!F11)+ABS(Dataset!F15)=0,0,ABS(Dataset!F11-Dataset!F15)/(ABS(Dataset!F11)+ABS(Dataset!F15))),IF(ABS(Dataset!G11)+ABS(Dataset!G15)=0,0,ABS(Dataset!G11-Dataset!G15)/(ABS(Dataset!G11)+ABS(Dataset!G15)))) -> 0.57135069
A42: S7 | B42: =SUM(IF(ABS(Dataset!B12)+ABS(Dataset!B6)=0,0,ABS(Dataset!B12-Dataset!B6)/(ABS(Dataset!B12)+ABS(Dataset!B6))),IF(ABS(Dataset!C12)+ABS(Dataset!C6)=0,0,ABS(Dataset!C12-Dataset!C6)/(ABS(Dataset!C12)+ABS(Dataset!C6))),IF(ABS(Dataset!D12)+ABS(Dataset!D6)=0,0,ABS(Dataset!D12-Dataset!D6)/(ABS(Dataset!D12)+ABS(Dataset!D6))),IF(ABS(Dataset!E12)+ABS(Dataset!E6)=0,0,ABS(Dataset!E12-Dataset!E6)/(ABS(Dataset!E12)+ABS(Dataset!E6))),IF(ABS(Dataset!F12)+ABS(Dataset!F6)=0,0,ABS(Dataset!F12-Dataset!F6)/(ABS(Dataset!F12)+ABS(Dataset!F6))),IF(ABS(Dataset!G12)+ABS(Dataset!G6)=0,0,ABS(Dataset!G12-Dataset!G6)/(ABS(Dataset!G12)+ABS(Dataset!G6)))) -> 0.57429092 | C42: =SUM(IF(ABS(Dataset!B12)+ABS(Dataset!B7)=0,0,ABS(Dataset!B12-Dataset!B7)/(ABS(Dataset!B12)+ABS(Dataset!B7))),IF(ABS(Dataset!C12)+ABS(Dataset!C7)=0,0,ABS(Dataset!C12-Dataset!C7)/(ABS(Dataset!C12)+ABS(Dataset!C7))),IF(ABS(Dataset!D12)+ABS(Dataset!D7)=0,0,ABS(Dataset!D12-Dataset!D7)/(ABS(Dataset!D12)+ABS(Dataset!D7))),IF(ABS(Dataset!E12)+ABS(Dataset!E7)=0,0,ABS(Dataset!E12-Dataset!E7)/(ABS(Dataset!E12)+ABS(Dataset!E7))),IF(ABS(Dataset!F12)+ABS(Dataset!F7)=0,0,ABS(Dataset!F12-Dataset!F7)/(ABS(Dataset!F12)+ABS(Dataset!F7))),IF(ABS(Dataset!G12)+ABS(Dataset!G7)=0,0,ABS(Dataset!G12-Dataset!G7)/(ABS(Dataset!G12)+ABS(Dataset!G7)))) -> 0.50434795 | D42: =SUM(IF(ABS(Dataset!B12)+ABS(Dataset!B8)=0,0,ABS(Dataset!B12-Dataset!B8)/(ABS(Dataset!B12)+ABS(Dataset!B8))),IF(ABS(Dataset!C12)+ABS(Dataset!C8)=0,0,ABS(Dataset!C12-Dataset!C8)/(ABS(Dataset!C12)+ABS(Dataset!C8))),IF(ABS(Dataset!D12)+ABS(Dataset!D8)=0,0,ABS(Dataset!D12-Dataset!D8)/(ABS(Dataset!D12)+ABS(Dataset!D8))),IF(ABS(Dataset!E12)+ABS(Dataset!E8)=0,0,ABS(Dataset!E12-Dataset!E8)/(ABS(Dataset!E12)+ABS(Dataset!E8))),IF(ABS(Dataset!F12)+ABS(Dataset!F8)=0,0,ABS(Dataset!F12-Dataset!F8)/(ABS(Dataset!F12)+ABS(Dataset!F8))),IF(ABS(Dataset!G12)+ABS(Dataset!G8)=0,0,ABS(Dataset!G12-Dataset!G8)/(ABS(Dataset!G12)+ABS(Dataset!G8)))) -> 0.82781059 | E42: =SUM(IF(ABS(Dataset!B12)+ABS(Dataset!B9)=0,0,ABS(Dataset!B12-Dataset!B9)/(ABS(Dataset!B12)+ABS(Dataset!B9))),IF(ABS(Dataset!C12)+ABS(Dataset!C9)=0,0,ABS(Dataset!C12-Dataset!C9)/(ABS(Dataset!C12)+ABS(Dataset!C9))),IF(ABS(Dataset!D12)+ABS(Dataset!D9)=0,0,ABS(Dataset!D12-Dataset!D9)/(ABS(Dataset!D12)+ABS(Dataset!D9))),IF(ABS(Dataset!E12)+ABS(Dataset!E9)=0,0,ABS(Dataset!E12-Dataset!E9)/(ABS(Dataset!E12)+ABS(Dataset!E9))),IF(ABS(Dataset!F12)+ABS(Dataset!F9)=0,0,ABS(Dataset!F12-Dataset!F9)/(ABS(Dataset!F12)+ABS(Dataset!F9))),IF(ABS(Dataset!G12)+ABS(Dataset!G9)=0,0,ABS(Dataset!G12-Dataset!G9)/(ABS(Dataset!G12)+ABS(Dataset!G9)))) -> 0.32128863 | F42: =SUM(IF(ABS(Dataset!B12)+ABS(Dataset!B10)=0,0,ABS(Dataset!B12-Dataset!B10)/(ABS(Dataset!B12)+ABS(Dataset!B10))),IF(ABS(Dataset!C12)+ABS(Dataset!C10)=0,0,ABS(Dataset!C12-Dataset!C10)/(ABS(Dataset!C12)+ABS(Dataset!C10))),IF(ABS(Dataset!D12)+ABS(Dataset!D10)=0,0,ABS(Dataset!D12-Dataset!D10)/(ABS(Dataset!D12)+ABS(Dataset!D10))),IF(ABS(Dataset!E12)+ABS(Dataset!E10)=0,0,ABS(Dataset!E12-Dataset!E10)/(ABS(Dataset!E12)+ABS(Dataset!E10))),IF(ABS(Dataset!F12)+ABS(Dataset!F10)=0,0,ABS(Dataset!F12-Dataset!F10)/(ABS(Dataset!F12)+ABS(Dataset!F10))),IF(ABS(Dataset!G12)+ABS(Dataset!G10)=0,0,ABS(Dataset!G12-Dataset!G10)/(ABS(Dataset!G12)+ABS(Dataset!G10)))) -> 1.0002399 | G42: =SUM(IF(ABS(Dataset!B12)+ABS(Dataset!B11)=0,0,ABS(Dataset!B12-Dataset!B11)/(ABS(Dataset!B12)+ABS(Dataset!B11))),IF(ABS(Dataset!C12)+ABS(Dataset!C11)=0,0,ABS(Dataset!C12-Dataset!C11)/(ABS(Dataset!C12)+ABS(Dataset!C11))),IF(ABS(Dataset!D12)+ABS(Dataset!D11)=0,0,ABS(Dataset!D12-Dataset!D11)/(ABS(Dataset!D12)+ABS(Dataset!D11))),IF(ABS(Dataset!E12)+ABS(Dataset!E11)=0,0,ABS(Dataset!E12-Dataset!E11)/(ABS(Dataset!E12)+ABS(Dataset!E11))),IF(ABS(Dataset!F12)+ABS(Dataset!F11)=0,0,ABS(Dataset!F12-Dataset!F11)/(ABS(Dataset!F12)+ABS(Dataset!F11))),IF(ABS(Dataset!G12)+ABS(Dataset!G11)=0,0,ABS(Dataset!G12-Dataset!G11)/(ABS(Dataset!G12)+ABS(Dataset!G11)))) -> 0.46984068 | H42: =SUM(IF(ABS(Dataset!B12)+ABS(Dataset!B12)=0,0,ABS(Dataset!B12-Dataset!B12)/(ABS(Dataset!B12)+ABS(Dataset!B12))),IF(ABS(Dataset!C12)+ABS(Dataset!C12)=0,0,ABS(Dataset!C12-Dataset!C12)/(ABS(Dataset!C12)+ABS(Dataset!C12))),IF(ABS(Dataset!D12)+ABS(Dataset!D12)=0,0,ABS(Dataset!D12-Dataset!D12)/(ABS(Dataset!D12)+ABS(Dataset!D12))),IF(ABS(Dataset!E12)+ABS(Dataset!E12)=0,0,ABS(Dataset!E12-Dataset!E12)/(ABS(Dataset!E12)+ABS(Dataset!E12))),IF(ABS(Dataset!F12)+ABS(Dataset!F12)=0,0,ABS(Dataset!F12-Dataset!F12)/(ABS(Dataset!F12)+ABS(Dataset!F12))),IF(ABS(Dataset!G12)+ABS(Dataset!G12)=0,0,ABS(Dataset!G12-Dataset!G12)/(ABS(Dataset!G12)+ABS(Dataset!G12)))) -> 0 | I42: =SUM(IF(ABS(Dataset!B12)+ABS(Dataset!B13)=0,0,ABS(Dataset!B12-Dataset!B13)/(ABS(Dataset!B12)+ABS(Dataset!B13))),IF(ABS(Dataset!C12)+ABS(Dataset!C13)=0,0,ABS(Dataset!C12-Dataset!C13)/(ABS(Dataset!C12)+ABS(Dataset!C13))),IF(ABS(Dataset!D12)+ABS(Dataset!D13)=0,0,ABS(Dataset!D12-Dataset!D13)/(ABS(Dataset!D12)+ABS(Dataset!D13))),IF(ABS(Dataset!E12)+ABS(Dataset!E13)=0,0,ABS(Dataset!E12-Dataset!E13)/(ABS(Dataset!E12)+ABS(Dataset!E13))),IF(ABS(Dataset!F12)+ABS(Dataset!F13)=0,0,ABS(Dataset!F12-Dataset!F13)/(ABS(Dataset!F12)+ABS(Dataset!F13))),IF(ABS(Dataset!G12)+ABS(Dataset!G13)=0,0,ABS(Dataset!G12-Dataset!G13)/(ABS(Dataset!G12)+ABS(Dataset!G13)))) -> 0.1855371 | J42: =SUM(IF(ABS(Dataset!B12)+ABS(Dataset!B14)=0,0,ABS(Dataset!B12-Dataset!B14)/(ABS(Dataset!B12)+ABS(Dataset!B14))),IF(ABS(Dataset!C12)+ABS(Dataset!C14)=0,0,ABS(Dataset!C12-Dataset!C14)/(ABS(Dataset!C12)+ABS(Dataset!C14))),IF(ABS(Dataset!D12)+ABS(Dataset!D14)=0,0,ABS(Dataset!D12-Dataset!D14)/(ABS(Dataset!D12)+ABS(Dataset!D14))),IF(ABS(Dataset!E12)+ABS(Dataset!E14)=0,0,ABS(Dataset!E12-Dataset!E14)/(ABS(Dataset!E12)+ABS(Dataset!E14))),IF(ABS(Dataset!F12)+ABS(Dataset!F14)=0,0,ABS(Dataset!F12-Dataset!F14)/(ABS(Dataset!F12)+ABS(Dataset!F14))),IF(ABS(Dataset!G12)+ABS(Dataset!G14)=0,0,ABS(Dataset!G12-Dataset!G14)/(ABS(Dataset!G12)+ABS(Dataset!G14)))) -> 1.0347197 | K42: =SUM(IF(ABS(Dataset!B12)+ABS(Dataset!B15)=0,0,ABS(Dataset!B12-Dataset!B15)/(ABS(Dataset!B12)+ABS(Dataset!B15))),IF(ABS(Dataset!C12)+ABS(Dataset!C15)=0,0,ABS(Dataset!C12-Dataset!C15)/(ABS(Dataset!C12)+ABS(Dataset!C15))),IF(ABS(Dataset!D12)+ABS(Dataset!D15)=0,0,ABS(Dataset!D12-Dataset!D15)/(ABS(Dataset!D12)+ABS(Dataset!D15))),IF(ABS(Dataset!E12)+ABS(Dataset!E15)=0,0,ABS(Dataset!E12-Dataset!E15)/(ABS(Dataset!E12)+ABS(Dataset!E15))),IF(ABS(Dataset!F12)+ABS(Dataset!F15)=0,0,ABS(Dataset!F12-Dataset!F15)/(ABS(Dataset!F12)+ABS(Dataset!F15))),IF(ABS(Dataset!G12)+ABS(Dataset!G15)=0,0,ABS(Dataset!G12-Dataset!G15)/(ABS(Dataset!G12)+ABS(Dataset!G15)))) -> 1.0331878
A43: S8 | B43: =SUM(IF(ABS(Dataset!B13)+ABS(Dataset!B6)=0,0,ABS(Dataset!B13-Dataset!B6)/(ABS(Dataset!B13)+ABS(Dataset!B6))),IF(ABS(Dataset!C13)+ABS(Dataset!C6)=0,0,ABS(Dataset!C13-Dataset!C6)/(ABS(Dataset!C13)+ABS(Dataset!C6))),IF(ABS(Dataset!D13)+ABS(Dataset!D6)=0,0,ABS(Dataset!D13-Dataset!D6)/(ABS(Dataset!D13)+ABS(Dataset!D6))),IF(ABS(Dataset!E13)+ABS(Dataset!E6)=0,0,ABS(Dataset!E13-Dataset!E6)/(ABS(Dataset!E13)+ABS(Dataset!E6))),IF(ABS(Dataset!F13)+ABS(Dataset!F6)=0,0,ABS(Dataset!F13-Dataset!F6)/(ABS(Dataset!F13)+ABS(Dataset!F6))),IF(ABS(Dataset!G13)+ABS(Dataset!G6)=0,0,ABS(Dataset!G13-Dataset!G6)/(ABS(Dataset!G13)+ABS(Dataset!G6)))) -> 0.62445561 | C43: =SUM(IF(ABS(Dataset!B13)+ABS(Dataset!B7)=0,0,ABS(Dataset!B13-Dataset!B7)/(ABS(Dataset!B13)+ABS(Dataset!B7))),IF(ABS(Dataset!C13)+ABS(Dataset!C7)=0,0,ABS(Dataset!C13-Dataset!C7)/(ABS(Dataset!C13)+ABS(Dataset!C7))),IF(ABS(Dataset!D13)+ABS(Dataset!D7)=0,0,ABS(Dataset!D13-Dataset!D7)/(ABS(Dataset!D13)+ABS(Dataset!D7))),IF(ABS(Dataset!E13)+ABS(Dataset!E7)=0,0,ABS(Dataset!E13-Dataset!E7)/(ABS(Dataset!E13)+ABS(Dataset!E7))),IF(ABS(Dataset!F13)+ABS(Dataset!F7)=0,0,ABS(Dataset!F13-Dataset!F7)/(ABS(Dataset!F13)+ABS(Dataset!F7))),IF(ABS(Dataset!G13)+ABS(Dataset!G7)=0,0,ABS(Dataset!G13-Dataset!G7)/(ABS(Dataset!G13)+ABS(Dataset!G7)))) -> 0.44345693 | D43: =SUM(IF(ABS(Dataset!B13)+ABS(Dataset!B8)=0,0,ABS(Dataset!B13-Dataset!B8)/(ABS(Dataset!B13)+ABS(Dataset!B8))),IF(ABS(Dataset!C13)+ABS(Dataset!C8)=0,0,ABS(Dataset!C13-Dataset!C8)/(ABS(Dataset!C13)+ABS(Dataset!C8))),IF(ABS(Dataset!D13)+ABS(Dataset!D8)=0,0,ABS(Dataset!D13-Dataset!D8)/(ABS(Dataset!D13)+ABS(Dataset!D8))),IF(ABS(Dataset!E13)+ABS(Dataset!E8)=0,0,ABS(Dataset!E13-Dataset!E8)/(ABS(Dataset!E13)+ABS(Dataset!E8))),IF(ABS(Dataset!F13)+ABS(Dataset!F8)=0,0,ABS(Dataset!F13-Dataset!F8)/(ABS(Dataset!F13)+ABS(Dataset!F8))),IF(ABS(Dataset!G13)+ABS(Dataset!G8)=0,0,ABS(Dataset!G13-Dataset!G8)/(ABS(Dataset!G13)+ABS(Dataset!G8)))) -> 0.64530991 | E43: =SUM(IF(ABS(Dataset!B13)+ABS(Dataset!B9)=0,0,ABS(Dataset!B13-Dataset!B9)/(ABS(Dataset!B13)+ABS(Dataset!B9))),IF(ABS(Dataset!C13)+ABS(Dataset!C9)=0,0,ABS(Dataset!C13-Dataset!C9)/(ABS(Dataset!C13)+ABS(Dataset!C9))),IF(ABS(Dataset!D13)+ABS(Dataset!D9)=0,0,ABS(Dataset!D13-Dataset!D9)/(ABS(Dataset!D13)+ABS(Dataset!D9))),IF(ABS(Dataset!E13)+ABS(Dataset!E9)=0,0,ABS(Dataset!E13-Dataset!E9)/(ABS(Dataset!E13)+ABS(Dataset!E9))),IF(ABS(Dataset!F13)+ABS(Dataset!F9)=0,0,ABS(Dataset!F13-Dataset!F9)/(ABS(Dataset!F13)+ABS(Dataset!F9))),IF(ABS(Dataset!G13)+ABS(Dataset!G9)=0,0,ABS(Dataset!G13-Dataset!G9)/(ABS(Dataset!G13)+ABS(Dataset!G9)))) -> 0.20220354 | F43: =SUM(IF(ABS(Dataset!B13)+ABS(Dataset!B10)=0,0,ABS(Dataset!B13-Dataset!B10)/(ABS(Dataset!B13)+ABS(Dataset!B10))),IF(ABS(Dataset!C13)+ABS(Dataset!C10)=0,0,ABS(Dataset!C13-Dataset!C10)/(ABS(Dataset!C13)+ABS(Dataset!C10))),IF(ABS(Dataset!D13)+ABS(Dataset!D10)=0,0,ABS(Dataset!D13-Dataset!D10)/(ABS(Dataset!D13)+ABS(Dataset!D10))),IF(ABS(Dataset!E13)+ABS(Dataset!E10)=0,0,ABS(Dataset!E13-Dataset!E10)/(ABS(Dataset!E13)+ABS(Dataset!E10))),IF(ABS(Dataset!F13)+ABS(Dataset!F10)=0,0,ABS(Dataset!F13-Dataset!F10)/(ABS(Dataset!F13)+ABS(Dataset!F10))),IF(ABS(Dataset!G13)+ABS(Dataset!G10)=0,0,ABS(Dataset!G13-Dataset!G10)/(ABS(Dataset!G13)+ABS(Dataset!G10)))) -> 0.81874569 | G43: =SUM(IF(ABS(Dataset!B13)+ABS(Dataset!B11)=0,0,ABS(Dataset!B13-Dataset!B11)/(ABS(Dataset!B13)+ABS(Dataset!B11))),IF(ABS(Dataset!C13)+ABS(Dataset!C11)=0,0,ABS(Dataset!C13-Dataset!C11)/(ABS(Dataset!C13)+ABS(Dataset!C11))),IF(ABS(Dataset!D13)+ABS(Dataset!D11)=0,0,ABS(Dataset!D13-Dataset!D11)/(ABS(Dataset!D13)+ABS(Dataset!D11))),IF(ABS(Dataset!E13)+ABS(Dataset!E11)=0,0,ABS(Dataset!E13-Dataset!E11)/(ABS(Dataset!E13)+ABS(Dataset!E11))),IF(ABS(Dataset!F13)+ABS(Dataset!F11)=0,0,ABS(Dataset!F13-Dataset!F11)/(ABS(Dataset!F13)+ABS(Dataset!F11))),IF(ABS(Dataset!G13)+ABS(Dataset!G11)=0,0,ABS(Dataset!G13-Dataset!G11)/(ABS(Dataset!G13)+ABS(Dataset!G11)))) -> 0.28494557 | H43: =SUM(IF(ABS(Dataset!B13)+ABS(Dataset!B12)=0,0,ABS(Dataset!B13-Dataset!B12)/(ABS(Dataset!B13)+ABS(Dataset!B12))),IF(ABS(Dataset!C13)+ABS(Dataset!C12)=0,0,ABS(Dataset!C13-Dataset!C12)/(ABS(Dataset!C13)+ABS(Dataset!C12))),IF(ABS(Dataset!D13)+ABS(Dataset!D12)=0,0,ABS(Dataset!D13-Dataset!D12)/(ABS(Dataset!D13)+ABS(Dataset!D12))),IF(ABS(Dataset!E13)+ABS(Dataset!E12)=0,0,ABS(Dataset!E13-Dataset!E12)/(ABS(Dataset!E13)+ABS(Dataset!E12))),IF(ABS(Dataset!F13)+ABS(Dataset!F12)=0,0,ABS(Dataset!F13-Dataset!F12)/(ABS(Dataset!F13)+ABS(Dataset!F12))),IF(ABS(Dataset!G13)+ABS(Dataset!G12)=0,0,ABS(Dataset!G13-Dataset!G12)/(ABS(Dataset!G13)+ABS(Dataset!G12)))) -> 0.1855371 | I43: =SUM(IF(ABS(Dataset!B13)+ABS(Dataset!B13)=0,0,ABS(Dataset!B13-Dataset!B13)/(ABS(Dataset!B13)+ABS(Dataset!B13))),IF(ABS(Dataset!C13)+ABS(Dataset!C13)=0,0,ABS(Dataset!C13-Dataset!C13)/(ABS(Dataset!C13)+ABS(Dataset!C13))),IF(ABS(Dataset!D13)+ABS(Dataset!D13)=0,0,ABS(Dataset!D13-Dataset!D13)/(ABS(Dataset!D13)+ABS(Dataset!D13))),IF(ABS(Dataset!E13)+ABS(Dataset!E13)=0,0,ABS(Dataset!E13-Dataset!E13)/(ABS(Dataset!E13)+ABS(Dataset!E13))),IF(ABS(Dataset!F13)+ABS(Dataset!F13)=0,0,ABS(Dataset!F13-Dataset!F13)/(ABS(Dataset!F13)+ABS(Dataset!F13))),IF(ABS(Dataset!G13)+ABS(Dataset!G13)=0,0,ABS(Dataset!G13-Dataset!G13)/(ABS(Dataset!G13)+ABS(Dataset!G13)))) -> 0 | J43: =SUM(IF(ABS(Dataset!B13)+ABS(Dataset!B14)=0,0,ABS(Dataset!B13-Dataset!B14)/(ABS(Dataset!B13)+ABS(Dataset!B14))),IF(ABS(Dataset!C13)+ABS(Dataset!C14)=0,0,ABS(Dataset!C13-Dataset!C14)/(ABS(Dataset!C13)+ABS(Dataset!C14))),IF(ABS(Dataset!D13)+ABS(Dataset!D14)=0,0,ABS(Dataset!D13-Dataset!D14)/(ABS(Dataset!D13)+ABS(Dataset!D14))),IF(ABS(Dataset!E13)+ABS(Dataset!E14)=0,0,ABS(Dataset!E13-Dataset!E14)/(ABS(Dataset!E13)+ABS(Dataset!E14))),IF(ABS(Dataset!F13)+ABS(Dataset!F14)=0,0,ABS(Dataset!F13-Dataset!F14)/(ABS(Dataset!F13)+ABS(Dataset!F14))),IF(ABS(Dataset!G13)+ABS(Dataset!G14)=0,0,ABS(Dataset!G13-Dataset!G14)/(ABS(Dataset!G13)+ABS(Dataset!G14)))) -> 0.85374371 | K43: =SUM(IF(ABS(Dataset!B13)+ABS(Dataset!B15)=0,0,ABS(Dataset!B13-Dataset!B15)/(ABS(Dataset!B13)+ABS(Dataset!B15))),IF(ABS(Dataset!C13)+ABS(Dataset!C15)=0,0,ABS(Dataset!C13-Dataset!C15)/(ABS(Dataset!C13)+ABS(Dataset!C15))),IF(ABS(Dataset!D13)+ABS(Dataset!D15)=0,0,ABS(Dataset!D13-Dataset!D15)/(ABS(Dataset!D13)+ABS(Dataset!D15))),IF(ABS(Dataset!E13)+ABS(Dataset!E15)=0,0,ABS(Dataset!E13-Dataset!E15)/(ABS(Dataset!E13)+ABS(Dataset!E15))),IF(ABS(Dataset!F13)+ABS(Dataset!F15)=0,0,ABS(Dataset!F13-Dataset!F15)/(ABS(Dataset!F13)+ABS(Dataset!F15))),IF(ABS(Dataset!G13)+ABS(Dataset!G15)=0,0,ABS(Dataset!G13-Dataset!G15)/(ABS(Dataset!G13)+ABS(Dataset!G15)))) -> 0.85166782
A44: S9 | B44: =SUM(IF(ABS(Dataset!B14)+ABS(Dataset!B6)=0,0,ABS(Dataset!B14-Dataset!B6)/(ABS(Dataset!B14)+ABS(Dataset!B6))),IF(ABS(Dataset!C14)+ABS(Dataset!C6)=0,0,ABS(Dataset!C14-Dataset!C6)/(ABS(Dataset!C14)+ABS(Dataset!C6))),IF(ABS(Dataset!D14)+ABS(Dataset!D6)=0,0,ABS(Dataset!D14-Dataset!D6)/(ABS(Dataset!D14)+ABS(Dataset!D6))),IF(ABS(Dataset!E14)+ABS(Dataset!E6)=0,0,ABS(Dataset!E14-Dataset!E6)/(ABS(Dataset!E14)+ABS(Dataset!E6))),IF(ABS(Dataset!F14)+ABS(Dataset!F6)=0,0,ABS(Dataset!F14-Dataset!F6)/(ABS(Dataset!F14)+ABS(Dataset!F6))),IF(ABS(Dataset!G14)+ABS(Dataset!G6)=0,0,ABS(Dataset!G14-Dataset!G6)/(ABS(Dataset!G14)+ABS(Dataset!G6)))) -> 1.1237503 | C44: =SUM(IF(ABS(Dataset!B14)+ABS(Dataset!B7)=0,0,ABS(Dataset!B14-Dataset!B7)/(ABS(Dataset!B14)+ABS(Dataset!B7))),IF(ABS(Dataset!C14)+ABS(Dataset!C7)=0,0,ABS(Dataset!C14-Dataset!C7)/(ABS(Dataset!C14)+ABS(Dataset!C7))),IF(ABS(Dataset!D14)+ABS(Dataset!D7)=0,0,ABS(Dataset!D14-Dataset!D7)/(ABS(Dataset!D14)+ABS(Dataset!D7))),IF(ABS(Dataset!E14)+ABS(Dataset!E7)=0,0,ABS(Dataset!E14-Dataset!E7)/(ABS(Dataset!E14)+ABS(Dataset!E7))),IF(ABS(Dataset!F14)+ABS(Dataset!F7)=0,0,ABS(Dataset!F14-Dataset!F7)/(ABS(Dataset!F14)+ABS(Dataset!F7))),IF(ABS(Dataset!G14)+ABS(Dataset!G7)=0,0,ABS(Dataset!G14-Dataset!G7)/(ABS(Dataset!G14)+ABS(Dataset!G7)))) -> 0.66627545 | D44: =SUM(IF(ABS(Dataset!B14)+ABS(Dataset!B8)=0,0,ABS(Dataset!B14-Dataset!B8)/(ABS(Dataset!B14)+ABS(Dataset!B8))),IF(ABS(Dataset!C14)+ABS(Dataset!C8)=0,0,ABS(Dataset!C14-Dataset!C8)/(ABS(Dataset!C14)+ABS(Dataset!C8))),IF(ABS(Dataset!D14)+ABS(Dataset!D8)=0,0,ABS(Dataset!D14-Dataset!D8)/(ABS(Dataset!D14)+ABS(Dataset!D8))),IF(ABS(Dataset!E14)+ABS(Dataset!E8)=0,0,ABS(Dataset!E14-Dataset!E8)/(ABS(Dataset!E14)+ABS(Dataset!E8))),IF(ABS(Dataset!F14)+ABS(Dataset!F8)=0,0,ABS(Dataset!F14-Dataset!F8)/(ABS(Dataset!F14)+ABS(Dataset!F8))),IF(ABS(Dataset!G14)+ABS(Dataset!G8)=0,0,ABS(Dataset!G14-Dataset!G8)/(ABS(Dataset!G14)+ABS(Dataset!G8)))) -> 0.24385455 | E44: =SUM(IF(ABS(Dataset!B14)+ABS(Dataset!B9)=0,0,ABS(Dataset!B14-Dataset!B9)/(ABS(Dataset!B14)+ABS(Dataset!B9))),IF(ABS(Dataset!C14)+ABS(Dataset!C9)=0,0,ABS(Dataset!C14-Dataset!C9)/(ABS(Dataset!C14)+ABS(Dataset!C9))),IF(ABS(Dataset!D14)+ABS(Dataset!D9)=0,0,ABS(Dataset!D14-Dataset!D9)/(ABS(Dataset!D14)+ABS(Dataset!D9))),IF(ABS(Dataset!E14)+ABS(Dataset!E9)=0,0,ABS(Dataset!E14-Dataset!E9)/(ABS(Dataset!E14)+ABS(Dataset!E9))),IF(ABS(Dataset!F14)+ABS(Dataset!F9)=0,0,ABS(Dataset!F14-Dataset!F9)/(ABS(Dataset!F14)+ABS(Dataset!F9))),IF(ABS(Dataset!G14)+ABS(Dataset!G9)=0,0,ABS(Dataset!G14-Dataset!G9)/(ABS(Dataset!G14)+ABS(Dataset!G9)))) -> 0.71919509 | F44: =SUM(IF(ABS(Dataset!B14)+ABS(Dataset!B10)=0,0,ABS(Dataset!B14-Dataset!B10)/(ABS(Dataset!B14)+ABS(Dataset!B10))),IF(ABS(Dataset!C14)+ABS(Dataset!C10)=0,0,ABS(Dataset!C14-Dataset!C10)/(ABS(Dataset!C14)+ABS(Dataset!C10))),IF(ABS(Dataset!D14)+ABS(Dataset!D10)=0,0,ABS(Dataset!D14-Dataset!D10)/(ABS(Dataset!D14)+ABS(Dataset!D10))),IF(ABS(Dataset!E14)+ABS(Dataset!E10)=0,0,ABS(Dataset!E14-Dataset!E10)/(ABS(Dataset!E14)+ABS(Dataset!E10))),IF(ABS(Dataset!F14)+ABS(Dataset!F10)=0,0,ABS(Dataset!F14-Dataset!F10)/(ABS(Dataset!F14)+ABS(Dataset!F10))),IF(ABS(Dataset!G14)+ABS(Dataset!G10)=0,0,ABS(Dataset!G14-Dataset!G10)/(ABS(Dataset!G14)+ABS(Dataset!G10)))) -> 0.07319747 | G44: =SUM(IF(ABS(Dataset!B14)+ABS(Dataset!B11)=0,0,ABS(Dataset!B14-Dataset!B11)/(ABS(Dataset!B14)+ABS(Dataset!B11))),IF(ABS(Dataset!C14)+ABS(Dataset!C11)=0,0,ABS(Dataset!C14-Dataset!C11)/(ABS(Dataset!C14)+ABS(Dataset!C11))),IF(ABS(Dataset!D14)+ABS(Dataset!D11)=0,0,ABS(Dataset!D14-Dataset!D11)/(ABS(Dataset!D14)+ABS(Dataset!D11))),IF(ABS(Dataset!E14)+ABS(Dataset!E11)=0,0,ABS(Dataset!E14-Dataset!E11)/(ABS(Dataset!E14)+ABS(Dataset!E11))),IF(ABS(Dataset!F14)+ABS(Dataset!F11)=0,0,ABS(Dataset!F14-Dataset!F11)/(ABS(Dataset!F14)+ABS(Dataset!F11))),IF(ABS(Dataset!G14)+ABS(Dataset!G11)=0,0,ABS(Dataset!G14-Dataset!G11)/(ABS(Dataset!G14)+ABS(Dataset!G11)))) -> 0.57267683 | H44: =SUM(IF(ABS(Dataset!B14)+ABS(Dataset!B12)=0,0,ABS(Dataset!B14-Dataset!B12)/(ABS(Dataset!B14)+ABS(Dataset!B12))),IF(ABS(Dataset!C14)+ABS(Dataset!C12)=0,0,ABS(Dataset!C14-Dataset!C12)/(ABS(Dataset!C14)+ABS(Dataset!C12))),IF(ABS(Dataset!D14)+ABS(Dataset!D12)=0,0,ABS(Dataset!D14-Dataset!D12)/(ABS(Dataset!D14)+ABS(Dataset!D12))),IF(ABS(Dataset!E14)+ABS(Dataset!E12)=0,0,ABS(Dataset!E14-Dataset!E12)/(ABS(Dataset!E14)+ABS(Dataset!E12))),IF(ABS(Dataset!F14)+ABS(Dataset!F12)=0,0,ABS(Dataset!F14-Dataset!F12)/(ABS(Dataset!F14)+ABS(Dataset!F12))),IF(ABS(Dataset!G14)+ABS(Dataset!G12)=0,0,ABS(Dataset!G14-Dataset!G12)/(ABS(Dataset!G14)+ABS(Dataset!G12)))) -> 1.0347197 | I44: =SUM(IF(ABS(Dataset!B14)+ABS(Dataset!B13)=0,0,ABS(Dataset!B14-Dataset!B13)/(ABS(Dataset!B14)+ABS(Dataset!B13))),IF(ABS(Dataset!C14)+ABS(Dataset!C13)=0,0,ABS(Dataset!C14-Dataset!C13)/(ABS(Dataset!C14)+ABS(Dataset!C13))),IF(ABS(Dataset!D14)+ABS(Dataset!D13)=0,0,ABS(Dataset!D14-Dataset!D13)/(ABS(Dataset!D14)+ABS(Dataset!D13))),IF(ABS(Dataset!E14)+ABS(Dataset!E13)=0,0,ABS(Dataset!E14-Dataset!E13)/(ABS(Dataset!E14)+ABS(Dataset!E13))),IF(ABS(Dataset!F14)+ABS(Dataset!F13)=0,0,ABS(Dataset!F14-Dataset!F13)/(ABS(Dataset!F14)+ABS(Dataset!F13))),IF(ABS(Dataset!G14)+ABS(Dataset!G13)=0,0,ABS(Dataset!G14-Dataset!G13)/(ABS(Dataset!G14)+ABS(Dataset!G13)))) -> 0.85374371 | J44: =SUM(IF(ABS(Dataset!B14)+ABS(Dataset!B14)=0,0,ABS(Dataset!B14-Dataset!B14)/(ABS(Dataset!B14)+ABS(Dataset!B14))),IF(ABS(Dataset!C14)+ABS(Dataset!C14)=0,0,ABS(Dataset!C14-Dataset!C14)/(ABS(Dataset!C14)+ABS(Dataset!C14))),IF(ABS(Dataset!D14)+ABS(Dataset!D14)=0,0,ABS(Dataset!D14-Dataset!D14)/(ABS(Dataset!D14)+ABS(Dataset!D14))),IF(ABS(Dataset!E14)+ABS(Dataset!E14)=0,0,ABS(Dataset!E14-Dataset!E14)/(ABS(Dataset!E14)+ABS(Dataset!E14))),IF(ABS(Dataset!F14)+ABS(Dataset!F14)=0,0,ABS(Dataset!F14-Dataset!F14)/(ABS(Dataset!F14)+ABS(Dataset!F14))),IF(ABS(Dataset!G14)+ABS(Dataset!G14)=0,0,ABS(Dataset!G14-Dataset!G14)/(ABS(Dataset!G14)+ABS(Dataset!G14)))) -> 0 | K44: =SUM(IF(ABS(Dataset!B14)+ABS(Dataset!B15)=0,0,ABS(Dataset!B14-Dataset!B15)/(ABS(Dataset!B14)+ABS(Dataset!B15))),IF(ABS(Dataset!C14)+ABS(Dataset!C15)=0,0,ABS(Dataset!C14-Dataset!C15)/(ABS(Dataset!C14)+ABS(Dataset!C15))),IF(ABS(Dataset!D14)+ABS(Dataset!D15)=0,0,ABS(Dataset!D14-Dataset!D15)/(ABS(Dataset!D14)+ABS(Dataset!D15))),IF(ABS(Dataset!E14)+ABS(Dataset!E15)=0,0,ABS(Dataset!E14-Dataset!E15)/(ABS(Dataset!E14)+ABS(Dataset!E15))),IF(ABS(Dataset!F14)+ABS(Dataset!F15)=0,0,ABS(Dataset!F14-Dataset!F15)/(ABS(Dataset!F14)+ABS(Dataset!F15))),IF(ABS(Dataset!G14)+ABS(Dataset!G15)=0,0,ABS(Dataset!G14-Dataset!G15)/(ABS(Dataset!G14)+ABS(Dataset!G15)))) -> 0.17567696
A45: S10 | B45: =SUM(IF(ABS(Dataset!B15)+ABS(Dataset!B6)=0,0,ABS(Dataset!B15-Dataset!B6)/(ABS(Dataset!B15)+ABS(Dataset!B6))),IF(ABS(Dataset!C15)+ABS(Dataset!C6)=0,0,ABS(Dataset!C15-Dataset!C6)/(ABS(Dataset!C15)+ABS(Dataset!C6))),IF(ABS(Dataset!D15)+ABS(Dataset!D6)=0,0,ABS(Dataset!D15-Dataset!D6)/(ABS(Dataset!D15)+ABS(Dataset!D6))),IF(ABS(Dataset!E15)+ABS(Dataset!E6)=0,0,ABS(Dataset!E15-Dataset!E6)/(ABS(Dataset!E15)+ABS(Dataset!E6))),IF(ABS(Dataset!F15)+ABS(Dataset!F6)=0,0,ABS(Dataset!F15-Dataset!F6)/(ABS(Dataset!F15)+ABS(Dataset!F6))),IF(ABS(Dataset!G15)+ABS(Dataset!G6)=0,0,ABS(Dataset!G15-Dataset!G6)/(ABS(Dataset!G15)+ABS(Dataset!G6)))) -> 1.1085058 | C45: =SUM(IF(ABS(Dataset!B15)+ABS(Dataset!B7)=0,0,ABS(Dataset!B15-Dataset!B7)/(ABS(Dataset!B15)+ABS(Dataset!B7))),IF(ABS(Dataset!C15)+ABS(Dataset!C7)=0,0,ABS(Dataset!C15-Dataset!C7)/(ABS(Dataset!C15)+ABS(Dataset!C7))),IF(ABS(Dataset!D15)+ABS(Dataset!D7)=0,0,ABS(Dataset!D15-Dataset!D7)/(ABS(Dataset!D15)+ABS(Dataset!D7))),IF(ABS(Dataset!E15)+ABS(Dataset!E7)=0,0,ABS(Dataset!E15-Dataset!E7)/(ABS(Dataset!E15)+ABS(Dataset!E7))),IF(ABS(Dataset!F15)+ABS(Dataset!F7)=0,0,ABS(Dataset!F15-Dataset!F7)/(ABS(Dataset!F15)+ABS(Dataset!F7))),IF(ABS(Dataset!G15)+ABS(Dataset!G7)=0,0,ABS(Dataset!G15-Dataset!G7)/(ABS(Dataset!G15)+ABS(Dataset!G7)))) -> 0.72694742 | D45: =SUM(IF(ABS(Dataset!B15)+ABS(Dataset!B8)=0,0,ABS(Dataset!B15-Dataset!B8)/(ABS(Dataset!B15)+ABS(Dataset!B8))),IF(ABS(Dataset!C15)+ABS(Dataset!C8)=0,0,ABS(Dataset!C15-Dataset!C8)/(ABS(Dataset!C15)+ABS(Dataset!C8))),IF(ABS(Dataset!D15)+ABS(Dataset!D8)=0,0,ABS(Dataset!D15-Dataset!D8)/(ABS(Dataset!D15)+ABS(Dataset!D8))),IF(ABS(Dataset!E15)+ABS(Dataset!E8)=0,0,ABS(Dataset!E15-Dataset!E8)/(ABS(Dataset!E15)+ABS(Dataset!E8))),IF(ABS(Dataset!F15)+ABS(Dataset!F8)=0,0,ABS(Dataset!F15-Dataset!F8)/(ABS(Dataset!F15)+ABS(Dataset!F8))),IF(ABS(Dataset!G15)+ABS(Dataset!G8)=0,0,ABS(Dataset!G15-Dataset!G8)/(ABS(Dataset!G15)+ABS(Dataset!G8)))) -> 0.41928045 | E45: =SUM(IF(ABS(Dataset!B15)+ABS(Dataset!B9)=0,0,ABS(Dataset!B15-Dataset!B9)/(ABS(Dataset!B15)+ABS(Dataset!B9))),IF(ABS(Dataset!C15)+ABS(Dataset!C9)=0,0,ABS(Dataset!C15-Dataset!C9)/(ABS(Dataset!C15)+ABS(Dataset!C9))),IF(ABS(Dataset!D15)+ABS(Dataset!D9)=0,0,ABS(Dataset!D15-Dataset!D9)/(ABS(Dataset!D15)+ABS(Dataset!D9))),IF(ABS(Dataset!E15)+ABS(Dataset!E9)=0,0,ABS(Dataset!E15-Dataset!E9)/(ABS(Dataset!E15)+ABS(Dataset!E9))),IF(ABS(Dataset!F15)+ABS(Dataset!F9)=0,0,ABS(Dataset!F15-Dataset!F9)/(ABS(Dataset!F15)+ABS(Dataset!F9))),IF(ABS(Dataset!G15)+ABS(Dataset!G9)=0,0,ABS(Dataset!G15-Dataset!G9)/(ABS(Dataset!G15)+ABS(Dataset!G9)))) -> 0.74225383 | F45: =SUM(IF(ABS(Dataset!B15)+ABS(Dataset!B10)=0,0,ABS(Dataset!B15-Dataset!B10)/(ABS(Dataset!B15)+ABS(Dataset!B10))),IF(ABS(Dataset!C15)+ABS(Dataset!C10)=0,0,ABS(Dataset!C15-Dataset!C10)/(ABS(Dataset!C15)+ABS(Dataset!C10))),IF(ABS(Dataset!D15)+ABS(Dataset!D10)=0,0,ABS(Dataset!D15-Dataset!D10)/(ABS(Dataset!D15)+ABS(Dataset!D10))),IF(ABS(Dataset!E15)+ABS(Dataset!E10)=0,0,ABS(Dataset!E15-Dataset!E10)/(ABS(Dataset!E15)+ABS(Dataset!E10))),IF(ABS(Dataset!F15)+ABS(Dataset!F10)=0,0,ABS(Dataset!F15-Dataset!F10)/(ABS(Dataset!F15)+ABS(Dataset!F10))),IF(ABS(Dataset!G15)+ABS(Dataset!G10)=0,0,ABS(Dataset!G15-Dataset!G10)/(ABS(Dataset!G15)+ABS(Dataset!G10)))) -> 0.21699552 | G45: =SUM(IF(ABS(Dataset!B15)+ABS(Dataset!B11)=0,0,ABS(Dataset!B15-Dataset!B11)/(ABS(Dataset!B15)+ABS(Dataset!B11))),IF(ABS(Dataset!C15)+ABS(Dataset!C11)=0,0,ABS(Dataset!C15-Dataset!C11)/(ABS(Dataset!C15)+ABS(Dataset!C11))),IF(ABS(Dataset!D15)+ABS(Dataset!D11)=0,0,ABS(Dataset!D15-Dataset!D11)/(ABS(Dataset!D15)+ABS(Dataset!D11))),IF(ABS(Dataset!E15)+ABS(Dataset!E11)=0,0,ABS(Dataset!E15-Dataset!E11)/(ABS(Dataset!E15)+ABS(Dataset!E11))),IF(ABS(Dataset!F15)+ABS(Dataset!F11)=0,0,ABS(Dataset!F15-Dataset!F11)/(ABS(Dataset!F15)+ABS(Dataset!F11))),IF(ABS(Dataset!G15)+ABS(Dataset!G11)=0,0,ABS(Dataset!G15-Dataset!G11)/(ABS(Dataset!G15)+ABS(Dataset!G11)))) -> 0.57135069 | H45: =SUM(IF(ABS(Dataset!B15)+ABS(Dataset!B12)=0,0,ABS(Dataset!B15-Dataset!B12)/(ABS(Dataset!B15)+ABS(Dataset!B12))),IF(ABS(Dataset!C15)+ABS(Dataset!C12)=0,0,ABS(Dataset!C15-Dataset!C12)/(ABS(Dataset!C15)+ABS(Dataset!C12))),IF(ABS(Dataset!D15)+ABS(Dataset!D12)=0,0,ABS(Dataset!D15-Dataset!D12)/(ABS(Dataset!D15)+ABS(Dataset!D12))),IF(ABS(Dataset!E15)+ABS(Dataset!E12)=0,0,ABS(Dataset!E15-Dataset!E12)/(ABS(Dataset!E15)+ABS(Dataset!E12))),IF(ABS(Dataset!F15)+ABS(Dataset!F12)=0,0,ABS(Dataset!F15-Dataset!F12)/(ABS(Dataset!F15)+ABS(Dataset!F12))),IF(ABS(Dataset!G15)+ABS(Dataset!G12)=0,0,ABS(Dataset!G15-Dataset!G12)/(ABS(Dataset!G15)+ABS(Dataset!G12)))) -> 1.0331878 | I45: =SUM(IF(ABS(Dataset!B15)+ABS(Dataset!B13)=0,0,ABS(Dataset!B15-Dataset!B13)/(ABS(Dataset!B15)+ABS(Dataset!B13))),IF(ABS(Dataset!C15)+ABS(Dataset!C13)=0,0,ABS(Dataset!C15-Dataset!C13)/(ABS(Dataset!C15)+ABS(Dataset!C13))),IF(ABS(Dataset!D15)+ABS(Dataset!D13)=0,0,ABS(Dataset!D15-Dataset!D13)/(ABS(Dataset!D15)+ABS(Dataset!D13))),IF(ABS(Dataset!E15)+ABS(Dataset!E13)=0,0,ABS(Dataset!E15-Dataset!E13)/(ABS(Dataset!E15)+ABS(Dataset!E13))),IF(ABS(Dataset!F15)+ABS(Dataset!F13)=0,0,ABS(Dataset!F15-Dataset!F13)/(ABS(Dataset!F15)+ABS(Dataset!F13))),IF(ABS(Dataset!G15)+ABS(Dataset!G13)=0,0,ABS(Dataset!G15-Dataset!G13)/(ABS(Dataset!G15)+ABS(Dataset!G13)))) -> 0.85166782 | J45: =SUM(IF(ABS(Dataset!B15)+ABS(Dataset!B14)=0,0,ABS(Dataset!B15-Dataset!B14)/(ABS(Dataset!B15)+ABS(Dataset!B14))),IF(ABS(Dataset!C15)+ABS(Dataset!C14)=0,0,ABS(Dataset!C15-Dataset!C14)/(ABS(Dataset!C15)+ABS(Dataset!C14))),IF(ABS(Dataset!D15)+ABS(Dataset!D14)=0,0,ABS(Dataset!D15-Dataset!D14)/(ABS(Dataset!D15)+ABS(Dataset!D14))),IF(ABS(Dataset!E15)+ABS(Dataset!E14)=0,0,ABS(Dataset!E15-Dataset!E14)/(ABS(Dataset!E15)+ABS(Dataset!E14))),IF(ABS(Dataset!F15)+ABS(Dataset!F14)=0,0,ABS(Dataset!F15-Dataset!F14)/(ABS(Dataset!F15)+ABS(Dataset!F14))),IF(ABS(Dataset!G15)+ABS(Dataset!G14)=0,0,ABS(Dataset!G15-Dataset!G14)/(ABS(Dataset!G15)+ABS(Dataset!G14)))) -> 0.17567696 | K45: =SUM(IF(ABS(Dataset!B15)+ABS(Dataset!B15)=0,0,ABS(Dataset!B15-Dataset!B15)/(ABS(Dataset!B15)+ABS(Dataset!B15))),IF(ABS(Dataset!C15)+ABS(Dataset!C15)=0,0,ABS(Dataset!C15-Dataset!C15)/(ABS(Dataset!C15)+ABS(Dataset!C15))),IF(ABS(Dataset!D15)+ABS(Dataset!D15)=0,0,ABS(Dataset!D15-Dataset!D15)/(ABS(Dataset!D15)+ABS(Dataset!D15))),IF(ABS(Dataset!E15)+ABS(Dataset!E15)=0,0,ABS(Dataset!E15-Dataset!E15)/(ABS(Dataset!E15)+ABS(Dataset!E15))),IF(ABS(Dataset!F15)+ABS(Dataset!F15)=0,0,ABS(Dataset!F15-Dataset!F15)/(ABS(Dataset!F15)+ABS(Dataset!F15))),IF(ABS(Dataset!G15)+ABS(Dataset!G15)=0,0,ABS(Dataset!G15-Dataset!G15)/(ABS(Dataset!G15)+ABS(Dataset!G15)))) -> 0
A49: Manhattan (None)
A50: Object | B50: S1 | C50: S2 | D50: S3 | E50: S4 | F50: S5 | G50: S6 | H50: S7 | I50: S8 | J50: S9 | K50: S10
A51: S1 | B51: =SUM(ABS(Dataset!B6-Dataset!B6),ABS(Dataset!C6-Dataset!C6),ABS(Dataset!D6-Dataset!D6),ABS(Dataset!E6-Dataset!E6),ABS(Dataset!F6-Dataset!F6),ABS(Dataset!G6-Dataset!G6)) -> 0 | C51: =SUM(ABS(Dataset!B6-Dataset!B7),ABS(Dataset!C6-Dataset!C7),ABS(Dataset!D6-Dataset!D7),ABS(Dataset!E6-Dataset!E7),ABS(Dataset!F6-Dataset!F7),ABS(Dataset!G6-Dataset!G7)) -> 62.2 | D51: =SUM(ABS(Dataset!B6-Dataset!B8),ABS(Dataset!C6-Dataset!C8),ABS(Dataset!D6-Dataset!D8),ABS(Dataset!E6-Dataset!E8),ABS(Dataset!F6-Dataset!F8),ABS(Dataset!G6-Dataset!G8)) -> 148 | E51: =SUM(ABS(Dataset!B6-Dataset!B9),ABS(Dataset!C6-Dataset!C9),ABS(Dataset!D6-Dataset!D9),ABS(Dataset!E6-Dataset!E9),ABS(Dataset!F6-Dataset!F9),ABS(Dataset!G6-Dataset!G9)) -> 91.6 | F51: =SUM(ABS(Dataset!B6-Dataset!B10),ABS(Dataset!C6-Dataset!C10),ABS(Dataset!D6-Dataset!D10),ABS(Dataset!E6-Dataset!E10),ABS(Dataset!F6-Dataset!F10),ABS(Dataset!G6-Dataset!G10)) -> 185.4 | G51: =SUM(ABS(Dataset!B6-Dataset!B11),ABS(Dataset!C6-Dataset!C11),ABS(Dataset!D6-Dataset!D11),ABS(Dataset!E6-Dataset!E11),ABS(Dataset!F6-Dataset!F11),ABS(Dataset!G6-Dataset!G11)) -> 116.1 | H51: =SUM(ABS(Dataset!B6-Dataset!B12),ABS(Dataset!C6-Dataset!C12),ABS(Dataset!D6-Dataset!D12),ABS(Dataset!E6-Dataset!E12),ABS(Dataset!F6-Dataset!F12),ABS(Dataset!G6-Dataset!G12)) -> 91.1 | I51: =SUM(ABS(Dataset!B6-Dataset!B13),ABS(Dataset!C6-Dataset!C13),ABS(Dataset!D6-Dataset!D13),ABS(Dataset!E6-Dataset!E13),ABS(Dataset!F6-Dataset!F13),ABS(Dataset!G6-Dataset!G13)) -> 100.4 | J51: =SUM(ABS(Dataset!B6-Dataset!B14),ABS(Dataset!C6-Dataset!C14),ABS(Dataset!D6-Dataset!D14),ABS(Dataset!E6-Dataset!E14),ABS(Dataset!F6-Dataset!F14),ABS(Dataset!G6-Dataset!G14)) -> 185.7 | K51: =SUM(ABS(Dataset!B6-Dataset!B15),ABS(Dataset!C6-Dataset!C15),ABS(Dataset!D6-Dataset!D15),ABS(Dataset!E6-Dataset!E15),ABS(Dataset!F6-Dataset!F15),ABS(Dataset!G6-Dataset!G15)) -> 189.1
A52: S2 | B52: =SUM(ABS(Dataset!B7-Dataset!B6),ABS(Dataset!C7-Dataset!C6),ABS(Dataset!D7-Dataset!D6),ABS(Dataset!E7-Dataset!E6),ABS(Dataset!F7-Dataset!F6),ABS(Dataset!G7-Dataset!G6)) -> 62.2 | C52: =SUM(ABS(Dataset!B7-Dataset!B7),ABS(Dataset!C7-Dataset!C7),ABS(Dataset!D7-Dataset!D7),ABS(Dataset!E7-Dataset!E7),ABS(Dataset!F7-Dataset!F7),ABS(Dataset!G7-Dataset!G7)) -> 0 | D52: =SUM(ABS(Dataset!B7-Dataset!B8),ABS(Dataset!C7-Dataset!C8),ABS(Dataset!D7-Dataset!D8),ABS(Dataset!E7-Dataset!E8),ABS(Dataset!F7-Dataset!F8),ABS(Dataset!G7-Dataset!G8)) -> 85.8 | E52: =SUM(ABS(Dataset!B7-Dataset!B9),ABS(Dataset!C7-Dataset!C9),ABS(Dataset!D7-Dataset!D9),ABS(Dataset!E7-Dataset!E9),ABS(Dataset!F7-Dataset!F9),ABS(Dataset!G7-Dataset!G9)) -> 38.6 | F52: =SUM(ABS(Dataset!B7-Dataset!B10),ABS(Dataset!C7-Dataset!C10),ABS(Dataset!D7-Dataset!D10),ABS(Dataset!E7-Dataset!E10),ABS(Dataset!F7-Dataset!F10),ABS(Dataset!G7-Dataset!G10)) -> 125.2 | G52: =SUM(ABS(Dataset!B7-Dataset!B11),ABS(Dataset!C7-Dataset!C11),ABS(Dataset!D7-Dataset!D11),ABS(Dataset!E7-Dataset!E11),ABS(Dataset!F7-Dataset!F11),ABS(Dataset!G7-Dataset!G11)) -> 60.1 | H52: =SUM(ABS(Dataset!B7-Dataset!B12),ABS(Dataset!C7-Dataset!C12),ABS(Dataset!D7-Dataset!D12),ABS(Dataset!E7-Dataset!E12),ABS(Dataset!F7-Dataset!F12),ABS(Dataset!G7-Dataset!G12)) -> 43.5 | I52: =SUM(ABS(Dataset!B7-Dataset!B13),ABS(Dataset!C7-Dataset!C13),ABS(Dataset!D7-Dataset!D13),ABS(Dataset!E7-Dataset!E13),ABS(Dataset!F7-Dataset!F13),ABS(Dataset!G7-Dataset!G13)) -> 49.8 | J52: =SUM(ABS(Dataset!B7-Dataset!B14),ABS(Dataset!C7-Dataset!C14),ABS(Dataset!D7-Dataset!D14),ABS(Dataset!E7-Dataset!E14),ABS(Dataset!F7-Dataset!F14),ABS(Dataset!G7-Dataset!G14)) -> 135.5 | K52: =SUM(ABS(Dataset!B7-Dataset!B15),ABS(Dataset!C7-Dataset!C15),ABS(Dataset!D7-Dataset!D15),ABS(Dataset!E7-Dataset!E15),ABS(Dataset!F7-Dataset!F15),ABS(Dataset!G7-Dataset!G15)) -> 142.9
A53: S3 | B53: =SUM(ABS(Dataset!B8-Dataset!B6),ABS(Dataset!C8-Dataset!C6),ABS(Dataset!D8-Dataset!D6),ABS(Dataset!E8-Dataset!E6),ABS(Dataset!F8-Dataset!F6),ABS(Dataset!G8-Dataset!G6)) -> 148 | C53: =SUM(ABS(Dataset!B8-Dataset!B7),ABS(Dataset!C8-Dataset!C7),ABS(Dataset!D8-Dataset!D7),ABS(Dataset!E8-Dataset!E7),ABS(Dataset!F8-Dataset!F7),ABS(Dataset!G8-Dataset!G7)) -> 85.8 | D53: =SUM(ABS(Dataset!B8-Dataset!B8),ABS(Dataset!C8-Dataset!C8),ABS(Dataset!D8-Dataset!D8),ABS(Dataset!E8-Dataset!E8),ABS(Dataset!F8-Dataset!F8),ABS(Dataset!G8-Dataset!G8)) -> 0 | E53: =SUM(ABS(Dataset!B8-Dataset!B9),ABS(Dataset!C8-Dataset!C9),ABS(Dataset!D8-Dataset!D9),ABS(Dataset!E8-Dataset!E9),ABS(Dataset!F8-Dataset!F9),ABS(Dataset!G8-Dataset!G9)) -> 60.4 | F53: =SUM(ABS(Dataset!B8-Dataset!B10),ABS(Dataset!C8-Dataset!C10),ABS(Dataset!D8-Dataset!D10),ABS(Dataset!E8-Dataset!E10),ABS(Dataset!F8-Dataset!F10),ABS(Dataset!G8-Dataset!G10)) -> 46.4 | G53: =SUM(ABS(Dataset!B8-Dataset!B11),ABS(Dataset!C8-Dataset!C11),ABS(Dataset!D8-Dataset!D11),ABS(Dataset!E8-Dataset!E11),ABS(Dataset!F8-Dataset!F11),ABS(Dataset!G8-Dataset!G11)) -> 31.9 | H53: =SUM(ABS(Dataset!B8-Dataset!B12),ABS(Dataset!C8-Dataset!C12),ABS(Dataset!D8-Dataset!D12),ABS(Dataset!E8-Dataset!E12),ABS(Dataset!F8-Dataset!F12),ABS(Dataset!G8-Dataset!G12)) -> 95.3 | I53: =SUM(ABS(Dataset!B8-Dataset!B13),ABS(Dataset!C8-Dataset!C13),ABS(Dataset!D8-Dataset!D13),ABS(Dataset!E8-Dataset!E13),ABS(Dataset!F8-Dataset!F13),ABS(Dataset!G8-Dataset!G13)) -> 77.6 | J53: =SUM(ABS(Dataset!B8-Dataset!B14),ABS(Dataset!C8-Dataset!C14),ABS(Dataset!D8-Dataset!D14),ABS(Dataset!E8-Dataset!E14),ABS(Dataset!F8-Dataset!F14),ABS(Dataset!G8-Dataset!G14)) -> 56.9 | K53: =SUM(ABS(Dataset!B8-Dataset!B15),ABS(Dataset!C8-Dataset!C15),ABS(Dataset!D8-Dataset!D15),ABS(Dataset!E8-Dataset!E15),ABS(Dataset!F8-Dataset!F15),ABS(Dataset!G8-Dataset!G15)) -> 68.3
A54: S4 | B54: =SUM(ABS(Dataset!B9-Dataset!B6),ABS(Dataset!C9-Dataset!C6),ABS(Dataset!D9-Dataset!D6),ABS(Dataset!E9-Dataset!E6),ABS(Dataset!F9-Dataset!F6),ABS(Dataset!G9-Dataset!G6)) -> 91.6 | C54: =SUM(ABS(Dataset!B9-Dataset!B7),ABS(Dataset!C9-Dataset!C7),ABS(Dataset!D9-Dataset!D7),ABS(Dataset!E9-Dataset!E7),ABS(Dataset!F9-Dataset!F7),ABS(Dataset!G9-Dataset!G7)) -> 38.6 | D54: =SUM(ABS(Dataset!B9-Dataset!B8),ABS(Dataset!C9-Dataset!C8),ABS(Dataset!D9-Dataset!D8),ABS(Dataset!E9-Dataset!E8),ABS(Dataset!F9-Dataset!F8),ABS(Dataset!G9-Dataset!G8)) -> 60.4 | E54: =SUM(ABS(Dataset!B9-Dataset!B9),ABS(Dataset!C9-Dataset!C9),ABS(Dataset!D9-Dataset!D9),ABS(Dataset!E9-Dataset!E9),ABS(Dataset!F9-Dataset!F9),ABS(Dataset!G9-Dataset!G9)) -> 0 | F54: =SUM(ABS(Dataset!B9-Dataset!B10),ABS(Dataset!C9-Dataset!C10),ABS(Dataset!D9-Dataset!D10),ABS(Dataset!E9-Dataset!E10),ABS(Dataset!F9-Dataset!F10),ABS(Dataset!G9-Dataset!G10)) -> 105.8 | G54: =SUM(ABS(Dataset!B9-Dataset!B11),ABS(Dataset!C9-Dataset!C11),ABS(Dataset!D9-Dataset!D11),ABS(Dataset!E9-Dataset!E11),ABS(Dataset!F9-Dataset!F11),ABS(Dataset!G9-Dataset!G11)) -> 30.7 | H54: =SUM(ABS(Dataset!B9-Dataset!B12),ABS(Dataset!C9-Dataset!C12),ABS(Dataset!D9-Dataset!D12),ABS(Dataset!E9-Dataset!E12),ABS(Dataset!F9-Dataset!F12),ABS(Dataset!G9-Dataset!G12)) -> 34.9 | I54: =SUM(ABS(Dataset!B9-Dataset!B13),ABS(Dataset!C9-Dataset!C13),ABS(Dataset!D9-Dataset!D13),ABS(Dataset!E9-Dataset!E13),ABS(Dataset!F9-Dataset!F13),ABS(Dataset!G9-Dataset!G13)) -> 24 | J54: =SUM(ABS(Dataset!B9-Dataset!B14),ABS(Dataset!C9-Dataset!C14),ABS(Dataset!D9-Dataset!D14),ABS(Dataset!E9-Dataset!E14),ABS(Dataset!F9-Dataset!F14),ABS(Dataset!G9-Dataset!G14)) -> 116.1 | K54: =SUM(ABS(Dataset!B9-Dataset!B15),ABS(Dataset!C9-Dataset!C15),ABS(Dataset!D9-Dataset!D15),ABS(Dataset!E9-Dataset!E15),ABS(Dataset!F9-Dataset!F15),ABS(Dataset!G9-Dataset!G15)) -> 122.3
A55: S5 | B55: =SUM(ABS(Dataset!B10-Dataset!B6),ABS(Dataset!C10-Dataset!C6),ABS(Dataset!D10-Dataset!D6),ABS(Dataset!E10-Dataset!E6),ABS(Dataset!F10-Dataset!F6),ABS(Dataset!G10-Dataset!G6)) -> 185.4 | C55: =SUM(ABS(Dataset!B10-Dataset!B7),ABS(Dataset!C10-Dataset!C7),ABS(Dataset!D10-Dataset!D7),ABS(Dataset!E10-Dataset!E7),ABS(Dataset!F10-Dataset!F7),ABS(Dataset!G10-Dataset!G7)) -> 125.2 | D55: =SUM(ABS(Dataset!B10-Dataset!B8),ABS(Dataset!C10-Dataset!C8),ABS(Dataset!D10-Dataset!D8),ABS(Dataset!E10-Dataset!E8),ABS(Dataset!F10-Dataset!F8),ABS(Dataset!G10-Dataset!G8)) -> 46.4 | E55: =SUM(ABS(Dataset!B10-Dataset!B9),ABS(Dataset!C10-Dataset!C9),ABS(Dataset!D10-Dataset!D9),ABS(Dataset!E10-Dataset!E9),ABS(Dataset!F10-Dataset!F9),ABS(Dataset!G10-Dataset!G9)) -> 105.8 | F55: =SUM(ABS(Dataset!B10-Dataset!B10),ABS(Dataset!C10-Dataset!C10),ABS(Dataset!D10-Dataset!D10),ABS(Dataset!E10-Dataset!E10),ABS(Dataset!F10-Dataset!F10),ABS(Dataset!G10-Dataset!G10)) -> 0 | G55: =SUM(ABS(Dataset!B10-Dataset!B11),ABS(Dataset!C10-Dataset!C11),ABS(Dataset!D10-Dataset!D11),ABS(Dataset!E10-Dataset!E11),ABS(Dataset!F10-Dataset!F11),ABS(Dataset!G10-Dataset!G11)) -> 77.3 | H55: =SUM(ABS(Dataset!B10-Dataset!B12),ABS(Dataset!C10-Dataset!C12),ABS(Dataset!D10-Dataset!D12),ABS(Dataset!E10-Dataset!E12),ABS(Dataset!F10-Dataset!F12),ABS(Dataset!G10-Dataset!G12)) -> 140.7 | I55: =SUM(ABS(Dataset!B10-Dataset!B13),ABS(Dataset!C10-Dataset!C13),ABS(Dataset!D10-Dataset!D13),ABS(Dataset!E10-Dataset!E13),ABS(Dataset!F10-Dataset!F13),ABS(Dataset!G10-Dataset!G13)) -> 123 | J55: =SUM(ABS(Dataset!B10-Dataset!B14),ABS(Dataset!C10-Dataset!C14),ABS(Dataset!D10-Dataset!D14),ABS(Dataset!E10-Dataset!E14),ABS(Dataset!F10-Dataset!F14),ABS(Dataset!G10-Dataset!G14)) -> 11.7 | K55: =SUM(ABS(Dataset!B10-Dataset!B15),ABS(Dataset!C10-Dataset!C15),ABS(Dataset!D10-Dataset!D15),ABS(Dataset!E10-Dataset!E15),ABS(Dataset!F10-Dataset!F15),ABS(Dataset!G10-Dataset!G15)) -> 21.9
A56: S6 | B56: =SUM(ABS(Dataset!B11-Dataset!B6),ABS(Dataset!C11-Dataset!C6),ABS(Dataset!D11-Dataset!D6),ABS(Dataset!E11-Dataset!E6),ABS(Dataset!F11-Dataset!F6),ABS(Dataset!G11-Dataset!G6)) -> 116.1 | C56: =SUM(ABS(Dataset!B11-Dataset!B7),ABS(Dataset!C11-Dataset!C7),ABS(Dataset!D11-Dataset!D7),ABS(Dataset!E11-Dataset!E7),ABS(Dataset!F11-Dataset!F7),ABS(Dataset!G11-Dataset!G7)) -> 60.1 | D56: =SUM(ABS(Dataset!B11-Dataset!B8),ABS(Dataset!C11-Dataset!C8),ABS(Dataset!D11-Dataset!D8),ABS(Dataset!E11-Dataset!E8),ABS(Dataset!F11-Dataset!F8),ABS(Dataset!G11-Dataset!G8)) -> 31.9 | E56: =SUM(ABS(Dataset!B11-Dataset!B9),ABS(Dataset!C11-Dataset!C9),ABS(Dataset!D11-Dataset!D9),ABS(Dataset!E11-Dataset!E9),ABS(Dataset!F11-Dataset!F9),ABS(Dataset!G11-Dataset!G9)) -> 30.7 | F56: =SUM(ABS(Dataset!B11-Dataset!B10),ABS(Dataset!C11-Dataset!C10),ABS(Dataset!D11-Dataset!D10),ABS(Dataset!E11-Dataset!E10),ABS(Dataset!F11-Dataset!F10),ABS(Dataset!G11-Dataset!G10)) -> 77.3 | G56: =SUM(ABS(Dataset!B11-Dataset!B11),ABS(Dataset!C11-Dataset!C11),ABS(Dataset!D11-Dataset!D11),ABS(Dataset!E11-Dataset!E11),ABS(Dataset!F11-Dataset!F11),ABS(Dataset!G11-Dataset!G11)) -> 0 | H56: =SUM(ABS(Dataset!B11-Dataset!B12),ABS(Dataset!C11-Dataset!C12),ABS(Dataset!D11-Dataset!D12),ABS(Dataset!E11-Dataset!E12),ABS(Dataset!F11-Dataset!F12),ABS(Dataset!G11-Dataset!G12)) -> 63.4 | I56: =SUM(ABS(Dataset!B11-Dataset!B13),ABS(Dataset!C11-Dataset!C13),ABS(Dataset!D11-Dataset!D13),ABS(Dataset!E11-Dataset!E13),ABS(Dataset!F11-Dataset!F13),ABS(Dataset!G11-Dataset!G13)) -> 45.7 | J56: =SUM(ABS(Dataset!B11-Dataset!B14),ABS(Dataset!C11-Dataset!C14),ABS(Dataset!D11-Dataset!D14),ABS(Dataset!E11-Dataset!E14),ABS(Dataset!F11-Dataset!F14),ABS(Dataset!G11-Dataset!G14)) -> 87.6 | K56: =SUM(ABS(Dataset!B11-Dataset!B15),ABS(Dataset!C11-Dataset!C15),ABS(Dataset!D11-Dataset!D15),ABS(Dataset!E11-Dataset!E15),ABS(Dataset!F11-Dataset!F15),ABS(Dataset!G11-Dataset!G15)) -> 93
A57: S7 | B57: =SUM(ABS(Dataset!B12-Dataset!B6),ABS(Dataset!C12-Dataset!C6),ABS(Dataset!D12-Dataset!D6),ABS(Dataset!E12-Dataset!E6),ABS(Dataset!F12-Dataset!F6),ABS(Dataset!G12-Dataset!G6)) -> 91.1 | C57: =SUM(ABS(Dataset!B12-Dataset!B7),ABS(Dataset!C12-Dataset!C7),ABS(Dataset!D12-Dataset!D7),ABS(Dataset!E12-Dataset!E7),ABS(Dataset!F12-Dataset!F7),ABS(Dataset!G12-Dataset!G7)) -> 43.5 | D57: =SUM(ABS(Dataset!B12-Dataset!B8),ABS(Dataset!C12-Dataset!C8),ABS(Dataset!D12-Dataset!D8),ABS(Dataset!E12-Dataset!E8),ABS(Dataset!F12-Dataset!F8),ABS(Dataset!G12-Dataset!G8)) -> 95.3 | E57: =SUM(ABS(Dataset!B12-Dataset!B9),ABS(Dataset!C12-Dataset!C9),ABS(Dataset!D12-Dataset!D9),ABS(Dataset!E12-Dataset!E9),ABS(Dataset!F12-Dataset!F9),ABS(Dataset!G12-Dataset!G9)) -> 34.9 | F57: =SUM(ABS(Dataset!B12-Dataset!B10),ABS(Dataset!C12-Dataset!C10),ABS(Dataset!D12-Dataset!D10),ABS(Dataset!E12-Dataset!E10),ABS(Dataset!F12-Dataset!F10),ABS(Dataset!G12-Dataset!G10)) -> 140.7 | G57: =SUM(ABS(Dataset!B12-Dataset!B11),ABS(Dataset!C12-Dataset!C11),ABS(Dataset!D12-Dataset!D11),ABS(Dataset!E12-Dataset!E11),ABS(Dataset!F12-Dataset!F11),ABS(Dataset!G12-Dataset!G11)) -> 63.4 | H57: =SUM(ABS(Dataset!B12-Dataset!B12),ABS(Dataset!C12-Dataset!C12),ABS(Dataset!D12-Dataset!D12),ABS(Dataset!E12-Dataset!E12),ABS(Dataset!F12-Dataset!F12),ABS(Dataset!G12-Dataset!G12)) -> 0 | I57: =SUM(ABS(Dataset!B12-Dataset!B13),ABS(Dataset!C12-Dataset!C13),ABS(Dataset!D12-Dataset!D13),ABS(Dataset!E12-Dataset!E13),ABS(Dataset!F12-Dataset!F13),ABS(Dataset!G12-Dataset!G13)) -> 17.7 | J57: =SUM(ABS(Dataset!B12-Dataset!B14),ABS(Dataset!C12-Dataset!C14),ABS(Dataset!D12-Dataset!D14),ABS(Dataset!E12-Dataset!E14),ABS(Dataset!F12-Dataset!F14),ABS(Dataset!G12-Dataset!G14)) -> 151 | K57: =SUM(ABS(Dataset!B12-Dataset!B15),ABS(Dataset!C12-Dataset!C15),ABS(Dataset!D12-Dataset!D15),ABS(Dataset!E12-Dataset!E15),ABS(Dataset!F12-Dataset!F15),ABS(Dataset!G12-Dataset!G15)) -> 156.4
A58: S8 | B58: =SUM(ABS(Dataset!B13-Dataset!B6),ABS(Dataset!C13-Dataset!C6),ABS(Dataset!D13-Dataset!D6),ABS(Dataset!E13-Dataset!E6),ABS(Dataset!F13-Dataset!F6),ABS(Dataset!G13-Dataset!G6)) -> 100.4 | C58: =SUM(ABS(Dataset!B13-Dataset!B7),ABS(Dataset!C13-Dataset!C7),ABS(Dataset!D13-Dataset!D7),ABS(Dataset!E13-Dataset!E7),ABS(Dataset!F13-Dataset!F7),ABS(Dataset!G13-Dataset!G7)) -> 49.8 | D58: =SUM(ABS(Dataset!B13-Dataset!B8),ABS(Dataset!C13-Dataset!C8),ABS(Dataset!D13-Dataset!D8),ABS(Dataset!E13-Dataset!E8),ABS(Dataset!F13-Dataset!F8),ABS(Dataset!G13-Dataset!G8)) -> 77.6 | E58: =SUM(ABS(Dataset!B13-Dataset!B9),ABS(Dataset!C13-Dataset!C9),ABS(Dataset!D13-Dataset!D9),ABS(Dataset!E13-Dataset!E9),ABS(Dataset!F13-Dataset!F9),ABS(Dataset!G13-Dataset!G9)) -> 24 | F58: =SUM(ABS(Dataset!B13-Dataset!B10),ABS(Dataset!C13-Dataset!C10),ABS(Dataset!D13-Dataset!D10),ABS(Dataset!E13-Dataset!E10),ABS(Dataset!F13-Dataset!F10),ABS(Dataset!G13-Dataset!G10)) -> 123 | G58: =SUM(ABS(Dataset!B13-Dataset!B11),ABS(Dataset!C13-Dataset!C11),ABS(Dataset!D13-Dataset!D11),ABS(Dataset!E13-Dataset!E11),ABS(Dataset!F13-Dataset!F11),ABS(Dataset!G13-Dataset!G11)) -> 45.7 | H58: =SUM(ABS(Dataset!B13-Dataset!B12),ABS(Dataset!C13-Dataset!C12),ABS(Dataset!D13-Dataset!D12),ABS(Dataset!E13-Dataset!E12),ABS(Dataset!F13-Dataset!F12),ABS(Dataset!G13-Dataset!G12)) -> 17.7 | I58: =SUM(ABS(Dataset!B13-Dataset!B13),ABS(Dataset!C13-Dataset!C13),ABS(Dataset!D13-Dataset!D13),ABS(Dataset!E13-Dataset!E13),ABS(Dataset!F13-Dataset!F13),ABS(Dataset!G13-Dataset!G13)) -> 0 | J58: =SUM(ABS(Dataset!B13-Dataset!B14),ABS(Dataset!C13-Dataset!C14),ABS(Dataset!D13-Dataset!D14),ABS(Dataset!E13-Dataset!E14),ABS(Dataset!F13-Dataset!F14),ABS(Dataset!G13-Dataset!G14)) -> 133.3 | K58: =SUM(ABS(Dataset!B13-Dataset!B15),ABS(Dataset!C13-Dataset!C15),ABS(Dataset!D13-Dataset!D15),ABS(Dataset!E13-Dataset!E15),ABS(Dataset!F13-Dataset!F15),ABS(Dataset!G13-Dataset!G15)) -> 138.7
A59: S9 | B59: =SUM(ABS(Dataset!B14-Dataset!B6),ABS(Dataset!C14-Dataset!C6),ABS(Dataset!D14-Dataset!D6),ABS(Dataset!E14-Dataset!E6),ABS(Dataset!F14-Dataset!F6),ABS(Dataset!G14-Dataset!G6)) -> 185.7 | C59: =SUM(ABS(Dataset!B14-Dataset!B7),ABS(Dataset!C14-Dataset!C7),ABS(Dataset!D14-Dataset!D7),ABS(Dataset!E14-Dataset!E7),ABS(Dataset!F14-Dataset!F7),ABS(Dataset!G14-Dataset!G7)) -> 135.5 | D59: =SUM(ABS(Dataset!B14-Dataset!B8),ABS(Dataset!C14-Dataset!C8),ABS(Dataset!D14-Dataset!D8),ABS(Dataset!E14-Dataset!E8),ABS(Dataset!F14-Dataset!F8),ABS(Dataset!G14-Dataset!G8)) -> 56.9 | E59: =SUM(ABS(Dataset!B14-Dataset!B9),ABS(Dataset!C14-Dataset!C9),ABS(Dataset!D14-Dataset!D9),ABS(Dataset!E14-Dataset!E9),ABS(Dataset!F14-Dataset!F9),ABS(Dataset!G14-Dataset!G9)) -> 116.1 | F59: =SUM(ABS(Dataset!B14-Dataset!B10),ABS(Dataset!C14-Dataset!C10),ABS(Dataset!D14-Dataset!D10),ABS(Dataset!E14-Dataset!E10),ABS(Dataset!F14-Dataset!F10),ABS(Dataset!G14-Dataset!G10)) -> 11.7 | G59: =SUM(ABS(Dataset!B14-Dataset!B11),ABS(Dataset!C14-Dataset!C11),ABS(Dataset!D14-Dataset!D11),ABS(Dataset!E14-Dataset!E11),ABS(Dataset!F14-Dataset!F11),ABS(Dataset!G14-Dataset!G11)) -> 87.6 | H59: =SUM(ABS(Dataset!B14-Dataset!B12),ABS(Dataset!C14-Dataset!C12),ABS(Dataset!D14-Dataset!D12),ABS(Dataset!E14-Dataset!E12),ABS(Dataset!F14-Dataset!F12),ABS(Dataset!G14-Dataset!G12)) -> 151 | I59: =SUM(ABS(Dataset!B14-Dataset!B13),ABS(Dataset!C14-Dataset!C13),ABS(Dataset!D14-Dataset!D13),ABS(Dataset!E14-Dataset!E13),ABS(Dataset!F14-Dataset!F13),ABS(Dataset!G14-Dataset!G13)) -> 133.3 | J59: =SUM(ABS(Dataset!B14-Dataset!B14),ABS(Dataset!C14-Dataset!C14),ABS(Dataset!D14-Dataset!D14),ABS(Dataset!E14-Dataset!E14),ABS(Dataset!F14-Dataset!F14),ABS(Dataset!G14-Dataset!G14)) -> 0 | K59: =SUM(ABS(Dataset!B14-Dataset!B15),ABS(Dataset!C14-Dataset!C15),ABS(Dataset!D14-Dataset!D15),ABS(Dataset!E14-Dataset!E15),ABS(Dataset!F14-Dataset!F15),ABS(Dataset!G14-Dataset!G15)) -> 11.4
A60: S10 | B60: =SUM(ABS(Dataset!B15-Dataset!B6),ABS(Dataset!C15-Dataset!C6),ABS(Dataset!D15-Dataset!D6),ABS(Dataset!E15-Dataset!E6),ABS(Dataset!F15-Dataset!F6),ABS(Dataset!G15-Dataset!G6)) -> 189.1 | C60: =SUM(ABS(Dataset!B15-Dataset!B7),ABS(Dataset!C15-Dataset!C7),ABS(Dataset!D15-Dataset!D7),ABS(Dataset!E15-Dataset!E7),ABS(Dataset!F15-Dataset!F7),ABS(Dataset!G15-Dataset!G7)) -> 142.9 | D60: =SUM(ABS(Dataset!B15-Dataset!B8),ABS(Dataset!C15-Dataset!C8),ABS(Dataset!D15-Dataset!D8),ABS(Dataset!E15-Dataset!E8),ABS(Dataset!F15-Dataset!F8),ABS(Dataset!G15-Dataset!G8)) -> 68.3 | E60: =SUM(ABS(Dataset!B15-Dataset!B9),ABS(Dataset!C15-Dataset!C9),ABS(Dataset!D15-Dataset!D9),ABS(Dataset!E15-Dataset!E9),ABS(Dataset!F15-Dataset!F9),ABS(Dataset!G15-Dataset!G9)) -> 122.3 | F60: =SUM(ABS(Dataset!B15-Dataset!B10),ABS(Dataset!C15-Dataset!C10),ABS(Dataset!D15-Dataset!D10),ABS(Dataset!E15-Dataset!E10),ABS(Dataset!F15-Dataset!F10),ABS(Dataset!G15-Dataset!G10)) -> 21.9 | G60: =SUM(ABS(Dataset!B15-Dataset!B11),ABS(Dataset!C15-Dataset!C11),ABS(Dataset!D15-Dataset!D11),ABS(Dataset!E15-Dataset!E11),ABS(Dataset!F15-Dataset!F11),ABS(Dataset!G15-Dataset!G11)) -> 93 | H60: =SUM(ABS(Dataset!B15-Dataset!B12),ABS(Dataset!C15-Dataset!C12),ABS(Dataset!D15-Dataset!D12),ABS(Dataset!E15-Dataset!E12),ABS(Dataset!F15-Dataset!F12),ABS(Dataset!G15-Dataset!G12)) -> 156.4 | I60: =SUM(ABS(Dataset!B15-Dataset!B13),ABS(Dataset!C15-Dataset!C13),ABS(Dataset!D15-Dataset!D13),ABS(Dataset!E15-Dataset!E13),ABS(Dataset!F15-Dataset!F13),ABS(Dataset!G15-Dataset!G13)) -> 138.7 | J60: =SUM(ABS(Dataset!B15-Dataset!B14),ABS(Dataset!C15-Dataset!C14),ABS(Dataset!D15-Dataset!D14),ABS(Dataset!E15-Dataset!E14),ABS(Dataset!F15-Dataset!F14),ABS(Dataset!G15-Dataset!G14)) -> 11.4 | K60: =SUM(ABS(Dataset!B15-Dataset!B15),ABS(Dataset!C15-Dataset!C15),ABS(Dataset!D15-Dataset!D15),ABS(Dataset!E15-Dataset!E15),ABS(Dataset!F15-Dataset!F15),ABS(Dataset!G15-Dataset!G15)) -> 0
A64: Euclidean (MinMax)
A65: Object | B65: S1 | C65: S2 | D65: S3 | E65: S4 | F65: S5 | G65: S6 | H65: S7 | I65: S8 | J65: S9 | K65: S10
A66: S1 | B66: =SQRT(SUM((Dataset!B20-Dataset!B20)^2,(Dataset!C20-Dataset!C20)^2,(Dataset!D20-Dataset!D20)^2,(Dataset!E20-Dataset!E20)^2,(Dataset!F20-Dataset!F20)^2,(Dataset!G20-Dataset!G20)^2)) -> 0 | C66: =SQRT(SUM((Dataset!B20-Dataset!B21)^2,(Dataset!C20-Dataset!C21)^2,(Dataset!D20-Dataset!D21)^2,(Dataset!E20-Dataset!E21)^2,(Dataset!F20-Dataset!F21)^2,(Dataset!G20-Dataset!G21)^2)) -> 0.94293166 | D66: =SQRT(SUM((Dataset!B20-Dataset!B22)^2,(Dataset!C20-Dataset!C22)^2,(Dataset!D20-Dataset!D22)^2,(Dataset!E20-Dataset!E22)^2,(Dataset!F20-Dataset!F22)^2,(Dataset!G20-Dataset!G22)^2)) -> 1.7263664 | E66: =SQRT(SUM((Dataset!B20-Dataset!B23)^2,(Dataset!C20-Dataset!C23)^2,(Dataset!D20-Dataset!D23)^2,(Dataset!E20-Dataset!E23)^2,(Dataset!F20-Dataset!F23)^2,(Dataset!G20-Dataset!G23)^2)) -> 0.91098762 | F66: =SQRT(SUM((Dataset!B20-Dataset!B24)^2,(Dataset!C20-Dataset!C24)^2,(Dataset!D20-Dataset!D24)^2,(Dataset!E20-Dataset!E24)^2,(Dataset!F20-Dataset!F24)^2,(Dataset!G20-Dataset!G24)^2)) -> 1.9764864 | G66: =SQRT(SUM((Dataset!B20-Dataset!B25)^2,(Dataset!C20-Dataset!C25)^2,(Dataset!D20-Dataset!D25)^2,(Dataset!E20-Dataset!E25)^2,(Dataset!F20-Dataset!F25)^2,(Dataset!G20-Dataset!G25)^2)) -> 1.0564809 | H66: =SQRT(SUM((Dataset!B20-Dataset!B26)^2,(Dataset!C20-Dataset!C26)^2,(Dataset!D20-Dataset!D26)^2,(Dataset!E20-Dataset!E26)^2,(Dataset!F20-Dataset!F26)^2,(Dataset!G20-Dataset!G26)^2)) -> 1.1067756 | I66: =SQRT(SUM((Dataset!B20-Dataset!B27)^2,(Dataset!C20-Dataset!C27)^2,(Dataset!D20-Dataset!D27)^2,(Dataset!E20-Dataset!E27)^2,(Dataset!F20-Dataset!F27)^2,(Dataset!G20-Dataset!G27)^2)) -> 1.1219652 | J66: =SQRT(SUM((Dataset!B20-Dataset!B28)^2,(Dataset!C20-Dataset!C28)^2,(Dataset!D20-Dataset!D28)^2,(Dataset!E20-Dataset!E28)^2,(Dataset!F20-Dataset!F28)^2,(Dataset!G20-Dataset!G28)^2)) -> 1.9547221 | K66: =SQRT(SUM((Dataset!B20-Dataset!B29)^2,(Dataset!C20-Dataset!C29)^2,(Dataset!D20-Dataset!D29)^2,(Dataset!E20-Dataset!E29)^2,(Dataset!F20-Dataset!F29)^2,(Dataset!G20-Dataset!G29)^2)) -> 2.0180401
A67: S2 | B67: =SQRT(SUM((Dataset!B21-Dataset!B20)^2,(Dataset!C21-Dataset!C20)^2,(Dataset!D21-Dataset!D20)^2,(Dataset!E21-Dataset!E20)^2,(Dataset!F21-Dataset!F20)^2,(Dataset!G21-Dataset!G20)^2)) -> 0.94293166 | C67: =SQRT(SUM((Dataset!B21-Dataset!B21)^2,(Dataset!C21-Dataset!C21)^2,(Dataset!D21-Dataset!D21)^2,(Dataset!E21-Dataset!E21)^2,(Dataset!F21-Dataset!F21)^2,(Dataset!G21-Dataset!G21)^2)) -> 0 | D67: =SQRT(SUM((Dataset!B21-Dataset!B22)^2,(Dataset!C21-Dataset!C22)^2,(Dataset!D21-Dataset!D22)^2,(Dataset!E21-Dataset!E22)^2,(Dataset!F21-Dataset!F22)^2,(Dataset!G21-Dataset!G22)^2)) -> 0.92009347 | E67: =SQRT(SUM((Dataset!B21-Dataset!B23)^2,(Dataset!C21-Dataset!C23)^2,(Dataset!D21-Dataset!D23)^2,(Dataset!E21-Dataset!E23)^2,(Dataset!F21-Dataset!F23)^2,(Dataset!G21-Dataset!G23)^2)) -> 0.52790179 | F67: =SQRT(SUM((Dataset!B21-Dataset!B24)^2,(Dataset!C21-Dataset!C24)^2,(Dataset!D21-Dataset!D24)^2,(Dataset!E21-Dataset!E24)^2,(Dataset!F21-Dataset!F24)^2,(Dataset!G21-Dataset!G24)^2)) -> 1.2502027 | G67: =SQRT(SUM((Dataset!B21-Dataset!B25)^2,(Dataset!C21-Dataset!C25)^2,(Dataset!D21-Dataset!D25)^2,(Dataset!E21-Dataset!E25)^2,(Dataset!F21-Dataset!F25)^2,(Dataset!G21-Dataset!G25)^2)) -> 0.58026976 | H67: =SQRT(SUM((Dataset!B21-Dataset!B26)^2,(Dataset!C21-Dataset!C26)^2,(Dataset!D21-Dataset!D26)^2,(Dataset!E21-Dataset!E26)^2,(Dataset!F21-Dataset!F26)^2,(Dataset!G21-Dataset!G26)^2)) -> 0.94299102 | I67: =SQRT(SUM((Dataset!B21-Dataset!B27)^2,(Dataset!C21-Dataset!C27)^2,(Dataset!D21-Dataset!D27)^2,(Dataset!E21-Dataset!E27)^2,(Dataset!F21-Dataset!F27)^2,(Dataset!G21-Dataset!G27)^2)) -> 0.73296622 | J67: =SQRT(SUM((Dataset!B21-Dataset!B28)^2,(Dataset!C21-Dataset!C28)^2,(Dataset!D21-Dataset!D28)^2,(Dataset!E21-Dataset!E28)^2,(Dataset!F21-Dataset!F28)^2,(Dataset!G21-Dataset!G28)^2)) -> 1.2872355 | K67: =SQRT(SUM((Dataset!B21-Dataset!B29)^2,(Dataset!C21-Dataset!C29)^2,(Dataset!D21-Dataset!D29)^2,(Dataset!E21-Dataset!E29)^2,(Dataset!F21-Dataset!F29)^2,(Dataset!G21-Dataset!G29)^2)) -> 1.397869
A68: S3 | B68: =SQRT(SUM((Dataset!B22-Dataset!B20)^2,(Dataset!C22-Dataset!C20)^2,(Dataset!D22-Dataset!D20)^2,(Dataset!E22-Dataset!E20)^2,(Dataset!F22-Dataset!F20)^2,(Dataset!G22-Dataset!G20)^2)) -> 1.7263664 | C68: =SQRT(SUM((Dataset!B22-Dataset!B21)^2,(Dataset!C22-Dataset!C21)^2,(Dataset!D22-Dataset!D21)^2,(Dataset!E22-Dataset!E21)^2,(Dataset!F22-Dataset!F21)^2,(Dataset!G22-Dataset!G21)^2)) -> 0.92009347 | D68: =SQRT(SUM((Dataset!B22-Dataset!B22)^2,(Dataset!C22-Dataset!C22)^2,(Dataset!D22-Dataset!D22)^2,(Dataset!E22-Dataset!E22)^2,(Dataset!F22-Dataset!F22)^2,(Dataset!G22-Dataset!G22)^2)) -> 0 | E68: =SQRT(SUM((Dataset!B22-Dataset!B23)^2,(Dataset!C22-Dataset!C23)^2,(Dataset!D22-Dataset!D23)^2,(Dataset!E22-Dataset!E23)^2,(Dataset!F22-Dataset!F23)^2,(Dataset!G22-Dataset!G23)^2)) -> 1.0641366 | F68: =SQRT(SUM((Dataset!B22-Dataset!B24)^2,(Dataset!C22-Dataset!C24)^2,(Dataset!D22-Dataset!D24)^2,(Dataset!E22-Dataset!E24)^2,(Dataset!F22-Dataset!F24)^2,(Dataset!G22-Dataset!G24)^2)) -> 0.41584617 | G68: =SQRT(SUM((Dataset!B22-Dataset!B25)^2,(Dataset!C22-Dataset!C25)^2,(Dataset!D22-Dataset!D25)^2,(Dataset!E22-Dataset!E25)^2,(Dataset!F22-Dataset!F25)^2,(Dataset!G22-Dataset!G25)^2)) -> 0.92813535 | H68: =SQRT(SUM((Dataset!B22-Dataset!B26)^2,(Dataset!C22-Dataset!C26)^2,(Dataset!D22-Dataset!D26)^2,(Dataset!E22-Dataset!E26)^2,(Dataset!F22-Dataset!F26)^2,(Dataset!G22-Dataset!G26)^2)) -> 1.5370524 | I68: =SQRT(SUM((Dataset!B22-Dataset!B27)^2,(Dataset!C22-Dataset!C27)^2,(Dataset!D22-Dataset!D27)^2,(Dataset!E22-Dataset!E27)^2,(Dataset!F22-Dataset!F27)^2,(Dataset!G22-Dataset!G27)^2)) -> 1.2358818 | J68: =SQRT(SUM((Dataset!B22-Dataset!B28)^2,(Dataset!C22-Dataset!C28)^2,(Dataset!D22-Dataset!D28)^2,(Dataset!E22-Dataset!E28)^2,(Dataset!F22-Dataset!F28)^2,(Dataset!G22-Dataset!G28)^2)) -> 0.49772292 | K68: =SQRT(SUM((Dataset!B22-Dataset!B29)^2,(Dataset!C22-Dataset!C29)^2,(Dataset!D22-Dataset!D29)^2,(Dataset!E22-Dataset!E29)^2,(Dataset!F22-Dataset!F29)^2,(Dataset!G22-Dataset!G29)^2)) -> 0.8737983
A69: S4 | B69: =SQRT(SUM((Dataset!B23-Dataset!B20)^2,(Dataset!C23-Dataset!C20)^2,(Dataset!D23-Dataset!D20)^2,(Dataset!E23-Dataset!E20)^2,(Dataset!F23-Dataset!F20)^2,(Dataset!G23-Dataset!G20)^2)) -> 0.91098762 | C69: =SQRT(SUM((Dataset!B23-Dataset!B21)^2,(Dataset!C23-Dataset!C21)^2,(Dataset!D23-Dataset!D21)^2,(Dataset!E23-Dataset!E21)^2,(Dataset!F23-Dataset!F21)^2,(Dataset!G23-Dataset!G21)^2)) -> 0.52790179 | D69: =SQRT(SUM((Dataset!B23-Dataset!B22)^2,(Dataset!C23-Dataset!C22)^2,(Dataset!D23-Dataset!D22)^2,(Dataset!E23-Dataset!E22)^2,(Dataset!F23-Dataset!F22)^2,(Dataset!G23-Dataset!G22)^2)) -> 1.0641366 | E69: =SQRT(SUM((Dataset!B23-Dataset!B23)^2,(Dataset!C23-Dataset!C23)^2,(Dataset!D23-Dataset!D23)^2,(Dataset!E23-Dataset!E23)^2,(Dataset!F23-Dataset!F23)^2,(Dataset!G23-Dataset!G23)^2)) -> 0 | F69: =SQRT(SUM((Dataset!B23-Dataset!B24)^2,(Dataset!C23-Dataset!C24)^2,(Dataset!D23-Dataset!D24)^2,(Dataset!E23-Dataset!E24)^2,(Dataset!F23-Dataset!F24)^2,(Dataset!G23-Dataset!G24)^2)) -> 1.3490379 | G69: =SQRT(SUM((Dataset!B23-Dataset!B25)^2,(Dataset!C23-Dataset!C25)^2,(Dataset!D23-Dataset!D25)^2,(Dataset!E23-Dataset!E25)^2,(Dataset!F23-Dataset!F25)^2,(Dataset!G23-Dataset!G25)^2)) -> 0.38677512 | H69: =SQRT(SUM((Dataset!B23-Dataset!B26)^2,(Dataset!C23-Dataset!C26)^2,(Dataset!D23-Dataset!D26)^2,(Dataset!E23-Dataset!E26)^2,(Dataset!F23-Dataset!F26)^2,(Dataset!G23-Dataset!G26)^2)) -> 0.64403808 | I69: =SQRT(SUM((Dataset!B23-Dataset!B27)^2,(Dataset!C23-Dataset!C27)^2,(Dataset!D23-Dataset!D27)^2,(Dataset!E23-Dataset!E27)^2,(Dataset!F23-Dataset!F27)^2,(Dataset!G23-Dataset!G27)^2)) -> 0.39722117 | J69: =SQRT(SUM((Dataset!B23-Dataset!B28)^2,(Dataset!C23-Dataset!C28)^2,(Dataset!D23-Dataset!D28)^2,(Dataset!E23-Dataset!E28)^2,(Dataset!F23-Dataset!F28)^2,(Dataset!G23-Dataset!G28)^2)) -> 1.3588392 | K69: =SQRT(SUM((Dataset!B23-Dataset!B29)^2,(Dataset!C23-Dataset!C29)^2,(Dataset!D23-Dataset!D29)^2,(Dataset!E23-Dataset!E29)^2,(Dataset!F23-Dataset!F29)^2,(Dataset!G23-Dataset!G29)^2)) -> 1.5129652
A70: S5 | B70: =SQRT(SUM((Dataset!B24-Dataset!B20)^2,(Dataset!C24-Dataset!C20)^2,(Dataset!D24-Dataset!D20)^2,(Dataset!E24-Dataset!E20)^2,(Dataset!F24-Dataset!F20)^2,(Dataset!G24-Dataset!G20)^2)) -> 1.9764864 | C70: =SQRT(SUM((Dataset!B24-Dataset!B21)^2,(Dataset!C24-Dataset!C21)^2,(Dataset!D24-Dataset!D21)^2,(Dataset!E24-Dataset!E21)^2,(Dataset!F24-Dataset!F21)^2,(Dataset!G24-Dataset!G21)^2)) -> 1.2502027 | D70: =SQRT(SUM((Dataset!B24-Dataset!B22)^2,(Dataset!C24-Dataset!C22)^2,(Dataset!D24-Dataset!D22)^2,(Dataset!E24-Dataset!E22)^2,(Dataset!F24-Dataset!F22)^2,(Dataset!G24-Dataset!G22)^2)) -> 0.41584617 | E70: =SQRT(SUM((Dataset!B24-Dataset!B23)^2,(Dataset!C24-Dataset!C23)^2,(Dataset!D24-Dataset!D23)^2,(Dataset!E24-Dataset!E23)^2,(Dataset!F24-Dataset!F23)^2,(Dataset!G24-Dataset!G23)^2)) -> 1.3490379 | F70: =SQRT(SUM((Dataset!B24-Dataset!B24)^2,(Dataset!C24-Dataset!C24)^2,(Dataset!D24-Dataset!D24)^2,(Dataset!E24-Dataset!E24)^2,(Dataset!F24-Dataset!F24)^2,(Dataset!G24-Dataset!G24)^2)) -> 0 | G70: =SQRT(SUM((Dataset!B24-Dataset!B25)^2,(Dataset!C24-Dataset!C25)^2,(Dataset!D24-Dataset!D25)^2,(Dataset!E24-Dataset!E25)^2,(Dataset!F24-Dataset!F25)^2,(Dataset!G24-Dataset!G25)^2)) -> 1.1273138 | H70: =SQRT(SUM((Dataset!B24-Dataset!B26)^2,(Dataset!C24-Dataset!C26)^2,(Dataset!D24-Dataset!D26)^2,(Dataset!E24-Dataset!E26)^2,(Dataset!F24-Dataset!F26)^2,(Dataset!G24-Dataset!G26)^2)) -> 1.7840639 | I70: =SQRT(SUM((Dataset!B24-Dataset!B27)^2,(Dataset!C24-Dataset!C27)^2,(Dataset!D24-Dataset!D27)^2,(Dataset!E24-Dataset!E27)^2,(Dataset!F24-Dataset!F27)^2,(Dataset!G24-Dataset!G27)^2)) -> 1.5066658 | J70: =SQRT(SUM((Dataset!B24-Dataset!B28)^2,(Dataset!C24-Dataset!C28)^2,(Dataset!D24-Dataset!D28)^2,(Dataset!E24-Dataset!E28)^2,(Dataset!F24-Dataset!F28)^2,(Dataset!G24-Dataset!G28)^2)) -> 0.1654637 | K70: =SQRT(SUM((Dataset!B24-Dataset!B29)^2,(Dataset!C24-Dataset!C29)^2,(Dataset!D24-Dataset!D29)^2,(Dataset!E24-Dataset!E29)^2,(Dataset!F24-Dataset!F29)^2,(Dataset!G24-Dataset!G29)^2)) -> 0.60543223
A71: S6 | B71: =SQRT(SUM((Dataset!B25-Dataset!B20)^2,(Dataset!C25-Dataset!C20)^2,(Dataset!D25-Dataset!D20)^2,(Dataset!E25-Dataset!E20)^2,(Dataset!F25-Dataset!F20)^2,(Dataset!G25-Dataset!G20)^2)) -> 1.0564809 | C71: =SQRT(SUM((Dataset!B25-Dataset!B21)^2,(Dataset!C25-Dataset!C21)^2,(Dataset!D25-Dataset!D21)^2,(Dataset!E25-Dataset!E21)^2,(Dataset!F25-Dataset!F21)^2,(Dataset!G25-Dataset!G21)^2)) -> 0.58026976 | D71: =SQRT(SUM((Dataset!B25-Dataset!B22)^2,(Dataset!C25-Dataset!C22)^2,(Dataset!D25-Dataset!D22)^2,(Dataset!E25-Dataset!E22)^2,(Dataset!F25-Dataset!F22)^2,(Dataset!G25-Dataset!G22)^2)) -> 0.92813535 | E71: =SQRT(SUM((Dataset!B25-Dataset!B23)^2,(Dataset!C25-Dataset!C23)^2,(Dataset!D25-Dataset!D23)^2,(Dataset!E25-Dataset!E23)^2,(Dataset!F25-Dataset!F23)^2,(Dataset!G25-Dataset!G23)^2)) -> 0.38677512 | F71: =SQRT(SUM((Dataset!B25-Dataset!B24)^2,(Dataset!C25-Dataset!C24)^2,(Dataset!D25-Dataset!D24)^2,(Dataset!E25-Dataset!E24)^2,(Dataset!F25-Dataset!F24)^2,(Dataset!G25-Dataset!G24)^2)) -> 1.1273138 | G71: =SQRT(SUM((Dataset!B25-Dataset!B25)^2,(Dataset!C25-Dataset!C25)^2,(Dataset!D25-Dataset!D25)^2,(Dataset!E25-Dataset!E25)^2,(Dataset!F25-Dataset!F25)^2,(Dataset!G25-Dataset!G25)^2)) -> 0 | H71: =SQRT(SUM((Dataset!B25-Dataset!B26)^2,(Dataset!C25-Dataset!C26)^2,(Dataset!D25-Dataset!D26)^2,(Dataset!E25-Dataset!E26)^2,(Dataset!F25-Dataset!F26)^2,(Dataset!G25-Dataset!G26)^2)) -> 0.73377077 | I71: =SQRT(SUM((Dataset!B25-Dataset!B27)^2,(Dataset!C25-Dataset!C27)^2,(Dataset!D25-Dataset!D27)^2,(Dataset!E25-Dataset!E27)^2,(Dataset!F25-Dataset!F27)^2,(Dataset!G25-Dataset!G27)^2)) -> 0.52033801 | J71: =SQRT(SUM((Dataset!B25-Dataset!B28)^2,(Dataset!C25-Dataset!C28)^2,(Dataset!D25-Dataset!D28)^2,(Dataset!E25-Dataset!E28)^2,(Dataset!F25-Dataset!F28)^2,(Dataset!G25-Dataset!G28)^2)) -> 1.135285 | K71: =SQRT(SUM((Dataset!B25-Dataset!B29)^2,(Dataset!C25-Dataset!C29)^2,(Dataset!D25-Dataset!D29)^2,(Dataset!E25-Dataset!E29)^2,(Dataset!F25-Dataset!F29)^2,(Dataset!G25-Dataset!G29)^2)) -> 1.1792687
A72: S7 | B72: =SQRT(SUM((Dataset!B26-Dataset!B20)^2,(Dataset!C26-Dataset!C20)^2,(Dataset!D26-Dataset!D20)^2,(Dataset!E26-Dataset!E20)^2,(Dataset!F26-Dataset!F20)^2,(Dataset!G26-Dataset!G20)^2)) -> 1.1067756 | C72: =SQRT(SUM((Dataset!B26-Dataset!B21)^2,(Dataset!C26-Dataset!C21)^2,(Dataset!D26-Dataset!D21)^2,(Dataset!E26-Dataset!E21)^2,(Dataset!F26-Dataset!F21)^2,(Dataset!G26-Dataset!G21)^2)) -> 0.94299102 | D72: =SQRT(SUM((Dataset!B26-Dataset!B22)^2,(Dataset!C26-Dataset!C22)^2,(Dataset!D26-Dataset!D22)^2,(Dataset!E26-Dataset!E22)^2,(Dataset!F26-Dataset!F22)^2,(Dataset!G26-Dataset!G22)^2)) -> 1.5370524 | E72: =SQRT(SUM((Dataset!B26-Dataset!B23)^2,(Dataset!C26-Dataset!C23)^2,(Dataset!D26-Dataset!D23)^2,(Dataset!E26-Dataset!E23)^2,(Dataset!F26-Dataset!F23)^2,(Dataset!G26-Dataset!G23)^2)) -> 0.64403808 | F72: =SQRT(SUM((Dataset!B26-Dataset!B24)^2,(Dataset!C26-Dataset!C24)^2,(Dataset!D26-Dataset!D24)^2,(Dataset!E26-Dataset!E24)^2,(Dataset!F26-Dataset!F24)^2,(Dataset!G26-Dataset!G24)^2)) -> 1.7840639 | G72: =SQRT(SUM((Dataset!B26-Dataset!B25)^2,(Dataset!C26-Dataset!C25)^2,(Dataset!D26-Dataset!D25)^2,(Dataset!E26-Dataset!E25)^2,(Dataset!F26-Dataset!F25)^2,(Dataset!G26-Dataset!G25)^2)) -> 0.73377077 | H72: =SQRT(SUM((Dataset!B26-Dataset!B26)^2,(Dataset!C26-Dataset!C26)^2,(Dataset!D26-Dataset!D26)^2,(Dataset!E26-Dataset!E26)^2,(Dataset!F26-Dataset!F26)^2,(Dataset!G26-Dataset!G26)^2)) -> 0 | I72: =SQRT(SUM((Dataset!B26-Dataset!B27)^2,(Dataset!C26-Dataset!C27)^2,(Dataset!D26-Dataset!D27)^2,(Dataset!E26-Dataset!E27)^2,(Dataset!F26-Dataset!F27)^2,(Dataset!G26-Dataset!G27)^2)) -> 0.34823689 | J72: =SQRT(SUM((Dataset!B26-Dataset!B28)^2,(Dataset!C26-Dataset!C28)^2,(Dataset!D26-Dataset!D28)^2,(Dataset!E26-Dataset!E28)^2,(Dataset!F26-Dataset!F28)^2,(Dataset!G26-Dataset!G28)^2)) -> 1.8170871 | K72: =SQRT(SUM((Dataset!B26-Dataset!B29)^2,(Dataset!C26-Dataset!C29)^2,(Dataset!D26-Dataset!D29)^2,(Dataset!E26-Dataset!E29)^2,(Dataset!F26-Dataset!F29)^2,(Dataset!G26-Dataset!G29)^2)) -> 1.8287372
A73: S8 | B73: =SQRT(SUM((Dataset!B27-Dataset!B20)^2,(Dataset!C27-Dataset!C20)^2,(Dataset!D27-Dataset!D20)^2,(Dataset!E27-Dataset!E20)^2,(Dataset!F27-Dataset!F20)^2,(Dataset!G27-Dataset!G20)^2)) -> 1.1219652 | C73: =SQRT(SUM((Dataset!B27-Dataset!B21)^2,(Dataset!C27-Dataset!C21)^2,(Dataset!D27-Dataset!D21)^2,(Dataset!E27-Dataset!E21)^2,(Dataset!F27-Dataset!F21)^2,(Dataset!G27-Dataset!G21)^2)) -> 0.73296622 | D73: =SQRT(SUM((Dataset!B27-Dataset!B22)^2,(Dataset!C27-Dataset!C22)^2,(Dataset!D27-Dataset!D22)^2,(Dataset!E27-Dataset!E22)^2,(Dataset!F27-Dataset!F22)^2,(Dataset!G27-Dataset!G22)^2)) -> 1.2358818 | E73: =SQRT(SUM((Dataset!B27-Dataset!B23)^2,(Dataset!C27-Dataset!C23)^2,(Dataset!D27-Dataset!D23)^2,(Dataset!E27-Dataset!E23)^2,(Dataset!F27-Dataset!F23)^2,(Dataset!G27-Dataset!G23)^2)) -> 0.39722117 | F73: =SQRT(SUM((Dataset!B27-Dataset!B24)^2,(Dataset!C27-Dataset!C24)^2,(Dataset!D27-Dataset!D24)^2,(Dataset!E27-Dataset!E24)^2,(Dataset!F27-Dataset!F24)^2,(Dataset!G27-Dataset!G24)^2)) -> 1.5066658 | G73: =SQRT(SUM((Dataset!B27-Dataset!B25)^2,(Dataset!C27-Dataset!C25)^2,(Dataset!D27-Dataset!D25)^2,(Dataset!E27-Dataset!E25)^2,(Dataset!F27-Dataset!F25)^2,(Dataset!G27-Dataset!G25)^2)) -> 0.52033801 | H73: =SQRT(SUM((Dataset!B27-Dataset!B26)^2,(Dataset!C27-Dataset!C26)^2,(Dataset!D27-Dataset!D26)^2,(Dataset!E27-Dataset!E26)^2,(Dataset!F27-Dataset!F26)^2,(Dataset!G27-Dataset!G26)^2)) -> 0.34823689 | I73: =SQRT(SUM((Dataset!B27-Dataset!B27)^2,(Dataset!C27-Dataset!C27)^2,(Dataset!D27-Dataset!D27)^2,(Dataset!E27-Dataset!E27)^2,(Dataset!F27-Dataset!F27)^2,(Dataset!G27-Dataset!G27)^2)) -> 0 | J73: =SQRT(SUM((Dataset!B27-Dataset!B28)^2,(Dataset!C27-Dataset!C28)^2,(Dataset!D27-Dataset!D28)^2,(Dataset!E27-Dataset!E28)^2,(Dataset!F27-Dataset!F28)^2,(Dataset!G27-Dataset!G28)^2)) -> 1.538824 | K73: =SQRT(SUM((Dataset!B27-Dataset!B29)^2,(Dataset!C27-Dataset!C29)^2,(Dataset!D27-Dataset!D29)^2,(Dataset!E27-Dataset!E29)^2,(Dataset!F27-Dataset!F29)^2,(Dataset!G27-Dataset!G29)^2)) -> 1.611637
A74: S9 | B74: =SQRT(SUM((Dataset!B28-Dataset!B20)^2,(Dataset!C28-Dataset!C20)^2,(Dataset!D28-Dataset!D20)^2,(Dataset!E28-Dataset!E20)^2,(Dataset!F28-Dataset!F20)^2,(Dataset!G28-Dataset!G20)^2)) -> 1.9547221 | C74: =SQRT(SUM((Dataset!B28-Dataset!B21)^2,(Dataset!C28-Dataset!C21)^2,(Dataset!D28-Dataset!D21)^2,(Dataset!E28-Dataset!E21)^2,(Dataset!F28-Dataset!F21)^2,(Dataset!G28-Dataset!G21)^2)) -> 1.2872355 | D74: =SQRT(SUM((Dataset!B28-Dataset!B22)^2,(Dataset!C28-Dataset!C22)^2,(Dataset!D28-Dataset!D22)^2,(Dataset!E28-Dataset!E22)^2,(Dataset!F28-Dataset!F22)^2,(Dataset!G28-Dataset!G22)^2)) -> 0.49772292 | E74: =SQRT(SUM((Dataset!B28-Dataset!B23)^2,(Dataset!C28-Dataset!C23)^2,(Dataset!D28-Dataset!D23)^2,(Dataset!E28-Dataset!E23)^2,(Dataset!F28-Dataset!F23)^2,(Dataset!G28-Dataset!G23)^2)) -> 1.3588392 | F74: =SQRT(SUM((Dataset!B28-Dataset!B24)^2,(Dataset!C28-Dataset!C24)^2,(Dataset!D28-Dataset!D24)^2,(Dataset!E28-Dataset!E24)^2,(Dataset!F28-Dataset!F24)^2,(Dataset!G28-Dataset!G24)^2)) -> 0.1654637 | G74: =SQRT(SUM((Dataset!B28-Dataset!B25)^2,(Dataset!C28-Dataset!C25)^2,(Dataset!D28-Dataset!D25)^2,(Dataset!E28-Dataset!E25)^2,(Dataset!F28-Dataset!F25)^2,(Dataset!G28-Dataset!G25)^2)) -> 1.135285 | H74: =SQRT(SUM((Dataset!B28-Dataset!B26)^2,(Dataset!C28-Dataset!C26)^2,(Dataset!D28-Dataset!D26)^2,(Dataset!E28-Dataset!E26)^2,(Dataset!F28-Dataset!F26)^2,(Dataset!G28-Dataset!G26)^2)) -> 1.8170871 | I74: =SQRT(SUM((Dataset!B28-Dataset!B27)^2,(Dataset!C28-Dataset!C27)^2,(Dataset!D28-Dataset!D27)^2,(Dataset!E28-Dataset!E27)^2,(Dataset!F28-Dataset!F27)^2,(Dataset!G28-Dataset!G27)^2)) -> 1.538824 | J74: =SQRT(SUM((Dataset!B28-Dataset!B28)^2,(Dataset!C28-Dataset!C28)^2,(Dataset!D28-Dataset!D28)^2,(Dataset!E28-Dataset!E28)^2,(Dataset!F28-Dataset!F28)^2,(Dataset!G28-Dataset!G28)^2)) -> 0 | K74: =SQRT(SUM((Dataset!B28-Dataset!B29)^2,(Dataset!C28-Dataset!C29)^2,(Dataset!D28-Dataset!D29)^2,(Dataset!E28-Dataset!E29)^2,(Dataset!F28-Dataset!F29)^2,(Dataset!G28-Dataset!G29)^2)) -> 0.59410536
A75: S10 | B75: =SQRT(SUM((Dataset!B29-Dataset!B20)^2,(Dataset!C29-Dataset!C20)^2,(Dataset!D29-Dataset!D20)^2,(Dataset!E29-Dataset!E20)^2,(Dataset!F29-Dataset!F20)^2,(Dataset!G29-Dataset!G20)^2)) -> 2.0180401 | C75: =SQRT(SUM((Dataset!B29-Dataset!B21)^2,(Dataset!C29-Dataset!C21)^2,(Dataset!D29-Dataset!D21)^2,(Dataset!E29-Dataset!E21)^2,(Dataset!F29-Dataset!F21)^2,(Dataset!G29-Dataset!G21)^2)) -> 1.397869 | D75: =SQRT(SUM((Dataset!B29-Dataset!B22)^2,(Dataset!C29-Dataset!C22)^2,(Dataset!D29-Dataset!D22)^2,(Dataset!E29-Dataset!E22)^2,(Dataset!F29-Dataset!F22)^2,(Dataset!G29-Dataset!G22)^2)) -> 0.8737983 | E75: =SQRT(SUM((Dataset!B29-Dataset!B23)^2,(Dataset!C29-Dataset!C23)^2,(Dataset!D29-Dataset!D23)^2,(Dataset!E29-Dataset!E23)^2,(Dataset!F29-Dataset!F23)^2,(Dataset!G29-Dataset!G23)^2)) -> 1.5129652 | F75: =SQRT(SUM((Dataset!B29-Dataset!B24)^2,(Dataset!C29-Dataset!C24)^2,(Dataset!D29-Dataset!D24)^2,(Dataset!E29-Dataset!E24)^2,(Dataset!F29-Dataset!F24)^2,(Dataset!G29-Dataset!G24)^2)) -> 0.60543223 | G75: =SQRT(SUM((Dataset!B29-Dataset!B25)^2,(Dataset!C29-Dataset!C25)^2,(Dataset!D29-Dataset!D25)^2,(Dataset!E29-Dataset!E25)^2,(Dataset!F29-Dataset!F25)^2,(Dataset!G29-Dataset!G25)^2)) -> 1.1792687 | H75: =SQRT(SUM((Dataset!B29-Dataset!B26)^2,(Dataset!C29-Dataset!C26)^2,(Dataset!D29-Dataset!D26)^2,(Dataset!E29-Dataset!E26)^2,(Dataset!F29-Dataset!F26)^2,(Dataset!G29-Dataset!G26)^2)) -> 1.8287372 | I75: =SQRT(SUM((Dataset!B29-Dataset!B27)^2,(Dataset!C29-Dataset!C27)^2,(Dataset!D29-Dataset!D27)^2,(Dataset!E29-Dataset!E27)^2,(Dataset!F29-Dataset!F27)^2,(Dataset!G29-Dataset!G27)^2)) -> 1.611637 | J75: =SQRT(SUM((Dataset!B29-Dataset!B28)^2,(Dataset!C29-Dataset!C28)^2,(Dataset!D29-Dataset!D28)^2,(Dataset!E29-Dataset!E28)^2,(Dataset!F29-Dataset!F28)^2,(Dataset!G29-Dataset!G28)^2)) -> 0.59410536 | K75: =SQRT(SUM((Dataset!B29-Dataset!B29)^2,(Dataset!C29-Dataset!C29)^2,(Dataset!D29-Dataset!D29)^2,(Dataset!E29-Dataset!E29)^2,(Dataset!F29-Dataset!F29)^2,(Dataset!G29-Dataset!G29)^2)) -> 0
A79: Chebyshev (MinMax)
A80: Object | B80: S1 | C80: S2 | D80: S3 | E80: S4 | F80: S5 | G80: S6 | H80: S7 | I80: S8 | J80: S9 | K80: S10
A81: S1 | B81: =MAX(ABS(Dataset!B20-Dataset!B20),ABS(Dataset!C20-Dataset!C20),ABS(Dataset!D20-Dataset!D20),ABS(Dataset!E20-Dataset!E20),ABS(Dataset!F20-Dataset!F20),ABS(Dataset!G20-Dataset!G20)) -> 0 | C81: =MAX(ABS(Dataset!B20-Dataset!B21),ABS(Dataset!C20-Dataset!C21),ABS(Dataset!D20-Dataset!D21),ABS(Dataset!E20-Dataset!E21),ABS(Dataset!F20-Dataset!F21),ABS(Dataset!G20-Dataset!G21)) -> 0.53571429 | D81: =MAX(ABS(Dataset!B20-Dataset!B22),ABS(Dataset!C20-Dataset!C22),ABS(Dataset!D20-Dataset!D22),ABS(Dataset!E20-Dataset!E22),ABS(Dataset!F20-Dataset!F22),ABS(Dataset!G20-Dataset!G22)) -> 0.86885246 | E81: =MAX(ABS(Dataset!B20-Dataset!B23),ABS(Dataset!C20-Dataset!C23),ABS(Dataset!D20-Dataset!D23),ABS(Dataset!E20-Dataset!E23),ABS(Dataset!F20-Dataset!F23),ABS(Dataset!G20-Dataset!G23)) -> 0.6 | F81: =MAX(ABS(Dataset!B20-Dataset!B24),ABS(Dataset!C20-Dataset!C24),ABS(Dataset!D20-Dataset!D24),ABS(Dataset!E20-Dataset!E24),ABS(Dataset!F20-Dataset!F24),ABS(Dataset!G20-Dataset!G24)) -> 0.95145631 | G81: =MAX(ABS(Dataset!B20-Dataset!B25),ABS(Dataset!C20-Dataset!C25),ABS(Dataset!D20-Dataset!D25),ABS(Dataset!E20-Dataset!E25),ABS(Dataset!F20-Dataset!F25),ABS(Dataset!G20-Dataset!G25)) -> 0.57281553 | H81: =MAX(ABS(Dataset!B20-Dataset!B26),ABS(Dataset!C20-Dataset!C26),ABS(Dataset!D20-Dataset!D26),ABS(Dataset!E20-Dataset!E26),ABS(Dataset!F20-Dataset!F26),ABS(Dataset!G20-Dataset!G26)) -> 1 | I81: =MAX(ABS(Dataset!B20-Dataset!B27),ABS(Dataset!C20-Dataset!C27),ABS(Dataset!D20-Dataset!D27),ABS(Dataset!E20-Dataset!E27),ABS(Dataset!F20-Dataset!F27),ABS(Dataset!G20-Dataset!G27)) -> 0.925 | J81: =MAX(ABS(Dataset!B20-Dataset!B28),ABS(Dataset!C20-Dataset!C28),ABS(Dataset!D20-Dataset!D28),ABS(Dataset!E20-Dataset!E28),ABS(Dataset!F20-Dataset!F28),ABS(Dataset!G20-Dataset!G28)) -> 0.98305085 | K81: =MAX(ABS(Dataset!B20-Dataset!B29),ABS(Dataset!C20-Dataset!C29),ABS(Dataset!D20-Dataset!D29),ABS(Dataset!E20-Dataset!E29),ABS(Dataset!F20-Dataset!F29),ABS(Dataset!G20-Dataset!G29)) -> 1
A82: S2 | B82: =MAX(ABS(Dataset!B21-Dataset!B20),ABS(Dataset!C21-Dataset!C20),ABS(Dataset!D21-Dataset!D20),ABS(Dataset!E21-Dataset!E20),ABS(Dataset!F21-Dataset!F20),ABS(Dataset!G21-Dataset!G20)) -> 0.53571429 | C82: =MAX(ABS(Dataset!B21-Dataset!B21),ABS(Dataset!C21-Dataset!C21),ABS(Dataset!D21-Dataset!D21),ABS(Dataset!E21-Dataset!E21),ABS(Dataset!F21-Dataset!F21),ABS(Dataset!G21-Dataset!G21)) -> 0 | D82: =MAX(ABS(Dataset!B21-Dataset!B22),ABS(Dataset!C21-Dataset!C22),ABS(Dataset!D21-Dataset!D22),ABS(Dataset!E21-Dataset!E22),ABS(Dataset!F21-Dataset!F22),ABS(Dataset!G21-Dataset!G22)) -> 0.52542373 | E82: =MAX(ABS(Dataset!B21-Dataset!B23),ABS(Dataset!C21-Dataset!C23),ABS(Dataset!D21-Dataset!D23),ABS(Dataset!E21-Dataset!E23),ABS(Dataset!F21-Dataset!F23),ABS(Dataset!G21-Dataset!G23)) -> 0.33928571 | F82: =MAX(ABS(Dataset!B21-Dataset!B24),ABS(Dataset!C21-Dataset!C24),ABS(Dataset!D21-Dataset!D24),ABS(Dataset!E21-Dataset!E24),ABS(Dataset!F21-Dataset!F24),ABS(Dataset!G21-Dataset!G24)) -> 0.72881356 | G82: =MAX(ABS(Dataset!B21-Dataset!B25),ABS(Dataset!C21-Dataset!C25),ABS(Dataset!D21-Dataset!D25),ABS(Dataset!E21-Dataset!E25),ABS(Dataset!F21-Dataset!F25),ABS(Dataset!G21-Dataset!G25)) -> 0.33898305 | H82: =MAX(ABS(Dataset!B21-Dataset!B26),ABS(Dataset!C21-Dataset!C26),ABS(Dataset!D21-Dataset!D26),ABS(Dataset!E21-Dataset!E26),ABS(Dataset!F21-Dataset!F26),ABS(Dataset!G21-Dataset!G26)) -> 0.57377049 | I82: =MAX(ABS(Dataset!B21-Dataset!B27),ABS(Dataset!C21-Dataset!C27),ABS(Dataset!D21-Dataset!D27),ABS(Dataset!E21-Dataset!E27),ABS(Dataset!F21-Dataset!F27),ABS(Dataset!G21-Dataset!G27)) -> 0.45 | J82: =MAX(ABS(Dataset!B21-Dataset!B28),ABS(Dataset!C21-Dataset!C28),ABS(Dataset!D21-Dataset!D28),ABS(Dataset!E21-Dataset!E28),ABS(Dataset!F21-Dataset!F28),ABS(Dataset!G21-Dataset!G28)) -> 0.81355932 | K82: =MAX(ABS(Dataset!B21-Dataset!B29),ABS(Dataset!C21-Dataset!C29),ABS(Dataset!D21-Dataset!D29),ABS(Dataset!E21-Dataset!E29),ABS(Dataset!F21-Dataset!F29),ABS(Dataset!G21-Dataset!G29)) -> 0.83050847
A83: S3 | B83: =MAX(ABS(Dataset!B22-Dataset!B20),ABS(Dataset!C22-Dataset!C20),ABS(Dataset!D22-Dataset!D20),ABS(Dataset!E22-Dataset!E20),ABS(Dataset!F22-Dataset!F20),ABS(Dataset!G22-Dataset!G20)) -> 0.86885246 | C83: =MAX(ABS(Dataset!B22-Dataset!B21),ABS(Dataset!C22-Dataset!C21),ABS(Dataset!D22-Dataset!D21),ABS(Dataset!E22-Dataset!E21),ABS(Dataset!F22-Dataset!F21),ABS(Dataset!G22-Dataset!G21)) -> 0.52542373 | D83: =MAX(ABS(Dataset!B22-Dataset!B22),ABS(Dataset!C22-Dataset!C22),ABS(Dataset!D22-Dataset!D22),ABS(Dataset!E22-Dataset!E22),ABS(Dataset!F22-Dataset!F22),ABS(Dataset!G22-Dataset!G22)) -> 0 | E83: =MAX(ABS(Dataset!B22-Dataset!B23),ABS(Dataset!C22-Dataset!C23),ABS(Dataset!D22-Dataset!D23),ABS(Dataset!E22-Dataset!E23),ABS(Dataset!F22-Dataset!F23),ABS(Dataset!G22-Dataset!G23)) -> 0.67073171 | F83: =MAX(ABS(Dataset!B22-Dataset!B24),ABS(Dataset!C22-Dataset!C24),ABS(Dataset!D22-Dataset!D24),ABS(Dataset!E22-Dataset!E24),ABS(Dataset!F22-Dataset!F24),ABS(Dataset!G22-Dataset!G24)) -> 0.27184466 | G83: =MAX(ABS(Dataset!B22-Dataset!B25),ABS(Dataset!C22-Dataset!C25),ABS(Dataset!D22-Dataset!D25),ABS(Dataset!E22-Dataset!E25),ABS(Dataset!F22-Dataset!F25),ABS(Dataset!G22-Dataset!G25)) -> 0.70491803 | H83: =MAX(ABS(Dataset!B22-Dataset!B26),ABS(Dataset!C22-Dataset!C26),ABS(Dataset!D22-Dataset!D26),ABS(Dataset!E22-Dataset!E26),ABS(Dataset!F22-Dataset!F26),ABS(Dataset!G22-Dataset!G26)) -> 1 | I83: =MAX(ABS(Dataset!B22-Dataset!B27),ABS(Dataset!C22-Dataset!C27),ABS(Dataset!D22-Dataset!D27),ABS(Dataset!E22-Dataset!E27),ABS(Dataset!F22-Dataset!F27),ABS(Dataset!G22-Dataset!G27)) -> 0.72131148 | J83: =MAX(ABS(Dataset!B22-Dataset!B28),ABS(Dataset!C22-Dataset!C28),ABS(Dataset!D22-Dataset!D28),ABS(Dataset!E22-Dataset!E28),ABS(Dataset!F22-Dataset!F28),ABS(Dataset!G22-Dataset!G28)) -> 0.28813559 | K83: =MAX(ABS(Dataset!B22-Dataset!B29),ABS(Dataset!C22-Dataset!C29),ABS(Dataset!D22-Dataset!D29),ABS(Dataset!E22-Dataset!E29),ABS(Dataset!F22-Dataset!F29),ABS(Dataset!G22-Dataset!G29)) -> 0.59016393
A84: S4 | B84: =MAX(ABS(Dataset!B23-Dataset!B20),ABS(Dataset!C23-Dataset!C20),ABS(Dataset!D23-Dataset!D20),ABS(Dataset!E23-Dataset!E20),ABS(Dataset!F23-Dataset!F20),ABS(Dataset!G23-Dataset!G20)) -> 0.6 | C84: =MAX(ABS(Dataset!B23-Dataset!B21),ABS(Dataset!C23-Dataset!C21),ABS(Dataset!D23-Dataset!D21),ABS(Dataset!E23-Dataset!E21),ABS(Dataset!F23-Dataset!F21),ABS(Dataset!G23-Dataset!G21)) -> 0.33928571 | D84: =MAX(ABS(Dataset!B23-Dataset!B22),ABS(Dataset!C23-Dataset!C22),ABS(Dataset!D23-Dataset!D22),ABS(Dataset!E23-Dataset!E22),ABS(Dataset!F23-Dataset!F22),ABS(Dataset!G23-Dataset!G22)) -> 0.67073171 | E84: =MAX(ABS(Dataset!B23-Dataset!B23),ABS(Dataset!C23-Dataset!C23),ABS(Dataset!D23-Dataset!D23),ABS(Dataset!E23-Dataset!E23),ABS(Dataset!F23-Dataset!F23),ABS(Dataset!G23-Dataset!G23)) -> 0 | F84: =MAX(ABS(Dataset!B23-Dataset!B24),ABS(Dataset!C23-Dataset!C24),ABS(Dataset!D23-Dataset!D24),ABS(Dataset!E23-Dataset!E24),ABS(Dataset!F23-Dataset!F24),ABS(Dataset!G23-Dataset!G24)) -> 0.86585366 | G84: =MAX(ABS(Dataset!B23-Dataset!B25),ABS(Dataset!C23-Dataset!C25),ABS(Dataset!D23-Dataset!D25),ABS(Dataset!E23-Dataset!E25),ABS(Dataset!F23-Dataset!F25),ABS(Dataset!G23-Dataset!G25)) -> 0.19512195 | H84: =MAX(ABS(Dataset!B23-Dataset!B26),ABS(Dataset!C23-Dataset!C26),ABS(Dataset!D23-Dataset!D26),ABS(Dataset!E23-Dataset!E26),ABS(Dataset!F23-Dataset!F26),ABS(Dataset!G23-Dataset!G26)) -> 0.47540984 | I84: =MAX(ABS(Dataset!B23-Dataset!B27),ABS(Dataset!C23-Dataset!C27),ABS(Dataset!D23-Dataset!D27),ABS(Dataset!E23-Dataset!E27),ABS(Dataset!F23-Dataset!F27),ABS(Dataset!G23-Dataset!G27)) -> 0.325 | J84: =MAX(ABS(Dataset!B23-Dataset!B28),ABS(Dataset!C23-Dataset!C28),ABS(Dataset!D23-Dataset!D28),ABS(Dataset!E23-Dataset!E28),ABS(Dataset!F23-Dataset!F28),ABS(Dataset!G23-Dataset!G28)) -> 0.82926829 | K84: =MAX(ABS(Dataset!B23-Dataset!B29),ABS(Dataset!C23-Dataset!C29),ABS(Dataset!D23-Dataset!D29),ABS(Dataset!E23-Dataset!E29),ABS(Dataset!F23-Dataset!F29),ABS(Dataset!G23-Dataset!G29)) -> 0.90243902
A85: S5 | B85: =MAX(ABS(Dataset!B24-Dataset!B20),ABS(Dataset!C24-Dataset!C20),ABS(Dataset!D24-Dataset!D20),ABS(Dataset!E24-Dataset!E20),ABS(Dataset!F24-Dataset!F20),ABS(Dataset!G24-Dataset!G20)) -> 0.95145631 | C85: =MAX(ABS(Dataset!B24-Dataset!B21),ABS(Dataset!C24-Dataset!C21),ABS(Dataset!D24-Dataset!D21),ABS(Dataset!E24-Dataset!E21),ABS(Dataset!F24-Dataset!F21),ABS(Dataset!G24-Dataset!G21)) -> 0.72881356 | D85: =MAX(ABS(Dataset!B24-Dataset!B22),ABS(Dataset!C24-Dataset!C22),ABS(Dataset!D24-Dataset!D22),ABS(Dataset!E24-Dataset!E22),ABS(Dataset!F24-Dataset!F22),ABS(Dataset!G24-Dataset!G22)) -> 0.27184466 | E85: =MAX(ABS(Dataset!B24-Dataset!B23),ABS(Dataset!C24-Dataset!C23),ABS(Dataset!D24-Dataset!D23),ABS(Dataset!E24-Dataset!E23),ABS(Dataset!F24-Dataset!F23),ABS(Dataset!G24-Dataset!G23)) -> 0.86585366 | F85: =MAX(ABS(Dataset!B24-Dataset!B24),ABS(Dataset!C24-Dataset!C24),ABS(Dataset!D24-Dataset!D24),ABS(Dataset!E24-Dataset!E24),ABS(Dataset!F24-Dataset!F24),ABS(Dataset!G24-Dataset!G24)) -> 0 | G85: =MAX(ABS(Dataset!B24-Dataset!B25),ABS(Dataset!C24-Dataset!C25),ABS(Dataset!D24-Dataset!D25),ABS(Dataset!E24-Dataset!E25),ABS(Dataset!F24-Dataset!F25),ABS(Dataset!G24-Dataset!G25)) -> 0.67073171 | H85: =MAX(ABS(Dataset!B24-Dataset!B26),ABS(Dataset!C24-Dataset!C26),ABS(Dataset!D24-Dataset!D26),ABS(Dataset!E24-Dataset!E26),ABS(Dataset!F24-Dataset!F26),ABS(Dataset!G24-Dataset!G26)) -> 0.96341463 | I85: =MAX(ABS(Dataset!B24-Dataset!B27),ABS(Dataset!C24-Dataset!C27),ABS(Dataset!D24-Dataset!D27),ABS(Dataset!E24-Dataset!E27),ABS(Dataset!F24-Dataset!F27),ABS(Dataset!G24-Dataset!G27)) -> 0.91463415 | J85: =MAX(ABS(Dataset!B24-Dataset!B28),ABS(Dataset!C24-Dataset!C28),ABS(Dataset!D24-Dataset!D28),ABS(Dataset!E24-Dataset!E28),ABS(Dataset!F24-Dataset!F28),ABS(Dataset!G24-Dataset!G28)) -> 0.125 | K85: =MAX(ABS(Dataset!B24-Dataset!B29),ABS(Dataset!C24-Dataset!C29),ABS(Dataset!D24-Dataset!D29),ABS(Dataset!E24-Dataset!E29),ABS(Dataset!F24-Dataset!F29),ABS(Dataset!G24-Dataset!G29)) -> 0.50819672
A86: S6 | B86: =MAX(ABS(Dataset!B25-Dataset!B20),ABS(Dataset!C25-Dataset!C20),ABS(Dataset!D25-Dataset!D20),ABS(Dataset!E25-Dataset!E20),ABS(Dataset!F25-Dataset!F20),ABS(Dataset!G25-Dataset!G20)) -> 0.57281553 | C86: =MAX(ABS(Dataset!B25-Dataset!B21),ABS(Dataset!C25-Dataset!C21),ABS(Dataset!D25-Dataset!D21),ABS(Dataset!E25-Dataset!E21),ABS(Dataset!F25-Dataset!F21),ABS(Dataset!G25-Dataset!G21)) -> 0.33898305 | D86: =MAX(ABS(Dataset!B25-Dataset!B22),ABS(Dataset!C25-Dataset!C22),ABS(Dataset!D25-Dataset!D22),ABS(Dataset!E25-Dataset!E22),ABS(Dataset!F25-Dataset!F22),ABS(Dataset!G25-Dataset!G22)) -> 0.70491803 | E86: =MAX(ABS(Dataset!B25-Dataset!B23),ABS(Dataset!C25-Dataset!C23),ABS(Dataset!D25-Dataset!D23),ABS(Dataset!E25-Dataset!E23),ABS(Dataset!F25-Dataset!F23),ABS(Dataset!G25-Dataset!G23)) -> 0.19512195 | F86: =MAX(ABS(Dataset!B25-Dataset!B24),ABS(Dataset!C25-Dataset!C24),ABS(Dataset!D25-Dataset!D24),ABS(Dataset!E25-Dataset!E24),ABS(Dataset!F25-Dataset!F24),ABS(Dataset!G25-Dataset!G24)) -> 0.67073171 | G86: =MAX(ABS(Dataset!B25-Dataset!B25),ABS(Dataset!C25-Dataset!C25),ABS(Dataset!D25-Dataset!D25),ABS(Dataset!E25-Dataset!E25),ABS(Dataset!F25-Dataset!F25),ABS(Dataset!G25-Dataset!G25)) -> 0 | H86: =MAX(ABS(Dataset!B25-Dataset!B26),ABS(Dataset!C25-Dataset!C26),ABS(Dataset!D25-Dataset!D26),ABS(Dataset!E25-Dataset!E26),ABS(Dataset!F25-Dataset!F26),ABS(Dataset!G25-Dataset!G26)) -> 0.45 | I86: =MAX(ABS(Dataset!B25-Dataset!B27),ABS(Dataset!C25-Dataset!C27),ABS(Dataset!D25-Dataset!D27),ABS(Dataset!E25-Dataset!E27),ABS(Dataset!F25-Dataset!F27),ABS(Dataset!G25-Dataset!G27)) -> 0.375 | J86: =MAX(ABS(Dataset!B25-Dataset!B28),ABS(Dataset!C25-Dataset!C28),ABS(Dataset!D25-Dataset!D28),ABS(Dataset!E25-Dataset!E28),ABS(Dataset!F25-Dataset!F28),ABS(Dataset!G25-Dataset!G28)) -> 0.63414634 | K86: =MAX(ABS(Dataset!B25-Dataset!B29),ABS(Dataset!C25-Dataset!C29),ABS(Dataset!D25-Dataset!D29),ABS(Dataset!E25-Dataset!E29),ABS(Dataset!F25-Dataset!F29),ABS(Dataset!G25-Dataset!G29)) -> 0.70731707
A87: S7 | B87: =MAX(ABS(Dataset!B26-Dataset!B20),ABS(Dataset!C26-Dataset!C20),ABS(Dataset!D26-Dataset!D20),ABS(Dataset!E26-Dataset!E20),ABS(Dataset!F26-Dataset!F20),ABS(Dataset!G26-Dataset!G20)) -> 1 | C87: =MAX(ABS(Dataset!B26-Dataset!B21),ABS(Dataset!C26-Dataset!C21),ABS(Dataset!D26-Dataset!D21),ABS(Dataset!E26-Dataset!E21),ABS(Dataset!F26-Dataset!F21),ABS(Dataset!G26-Dataset!G21)) -> 0.57377049 | D87: =MAX(ABS(Dataset!B26-Dataset!B22),ABS(Dataset!C26-Dataset!C22),ABS(Dataset!D26-Dataset!D22),ABS(Dataset!E26-Dataset!E22),ABS(Dataset!F26-Dataset!F22),ABS(Dataset!G26-Dataset!G22)) -> 1 | E87: =MAX(ABS(Dataset!B26-Dataset!B23),ABS(Dataset!C26-Dataset!C23),ABS(Dataset!D26-Dataset!D23),ABS(Dataset!E26-Dataset!E23),ABS(Dataset!F26-Dataset!F23),ABS(Dataset!G26-Dataset!G23)) -> 0.47540984 | F87: =MAX(ABS(Dataset!B26-Dataset!B24),ABS(Dataset!C26-Dataset!C24),ABS(Dataset!D26-Dataset!D24),ABS(Dataset!E26-Dataset!E24),ABS(Dataset!F26-Dataset!F24),ABS(Dataset!G26-Dataset!G24)) -> 0.96341463 | G87: =MAX(ABS(Dataset!B26-Dataset!B25),ABS(Dataset!C26-Dataset!C25),ABS(Dataset!D26-Dataset!D25),ABS(Dataset!E26-Dataset!E25),ABS(Dataset!F26-Dataset!F25),ABS(Dataset!G26-Dataset!G25)) -> 0.45 | H87: =MAX(ABS(Dataset!B26-Dataset!B26),ABS(Dataset!C26-Dataset!C26),ABS(Dataset!D26-Dataset!D26),ABS(Dataset!E26-Dataset!E26),ABS(Dataset!F26-Dataset!F26),ABS(Dataset!G26-Dataset!G26)) -> 0 | I87: =MAX(ABS(Dataset!B26-Dataset!B27),ABS(Dataset!C26-Dataset!C27),ABS(Dataset!D26-Dataset!D27),ABS(Dataset!E26-Dataset!E27),ABS(Dataset!F26-Dataset!F27),ABS(Dataset!G26-Dataset!G27)) -> 0.27868852 | J87: =MAX(ABS(Dataset!B26-Dataset!B28),ABS(Dataset!C26-Dataset!C28),ABS(Dataset!D26-Dataset!D28),ABS(Dataset!E26-Dataset!E28),ABS(Dataset!F26-Dataset!F28),ABS(Dataset!G26-Dataset!G28)) -> 0.92682927 | K87: =MAX(ABS(Dataset!B26-Dataset!B29),ABS(Dataset!C26-Dataset!C29),ABS(Dataset!D26-Dataset!D29),ABS(Dataset!E26-Dataset!E29),ABS(Dataset!F26-Dataset!F29),ABS(Dataset!G26-Dataset!G29)) -> 1
A88: S8 | B88: =MAX(ABS(Dataset!B27-Dataset!B20),ABS(Dataset!C27-Dataset!C20),ABS(Dataset!D27-Dataset!D20),ABS(Dataset!E27-Dataset!E20),ABS(Dataset!F27-Dataset!F20),ABS(Dataset!G27-Dataset!G20)) -> 0.925 | C88: =MAX(ABS(Dataset!B27-Dataset!B21),ABS(Dataset!C27-Dataset!C21),ABS(Dataset!D27-Dataset!D21),ABS(Dataset!E27-Dataset!E21),ABS(Dataset!F27-Dataset!F21),ABS(Dataset!G27-Dataset!G21)) -> 0.45 | D88: =MAX(ABS(Dataset!B27-Dataset!B22),ABS(Dataset!C27-Dataset!C22),ABS(Dataset!D27-Dataset!D22),ABS(Dataset!E27-Dataset!E22),ABS(Dataset!F27-Dataset!F22),ABS(Dataset!G27-Dataset!G22)) -> 0.72131148 | E88: =MAX(ABS(Dataset!B27-Dataset!B23),ABS(Dataset!C27-Dataset!C23),ABS(Dataset!D27-Dataset!D23),ABS(Dataset!E27-Dataset!E23),ABS(Dataset!F27-Dataset!F23),ABS(Dataset!G27-Dataset!G23)) -> 0.325 | F88: =MAX(ABS(Dataset!B27-Dataset!B24),ABS(Dataset!C27-Dataset!C24),ABS(Dataset!D27-Dataset!D24),ABS(Dataset!E27-Dataset!E24),ABS(Dataset!F27-Dataset!F24),ABS(Dataset!G27-Dataset!G24)) -> 0.91463415 | G88: =MAX(ABS(Dataset!B27-Dataset!B25),ABS(Dataset!C27-Dataset!C25),ABS(Dataset!D27-Dataset!D25),ABS(Dataset!E27-Dataset!E25),ABS(Dataset!F27-Dataset!F25),ABS(Dataset!G27-Dataset!G25)) -> 0.375 | H88: =MAX(ABS(Dataset!B27-Dataset!B26),ABS(Dataset!C27-Dataset!C26),ABS(Dataset!D27-Dataset!D26),ABS(Dataset!E27-Dataset!E26),ABS(Dataset!F27-Dataset!F26),ABS(Dataset!G27-Dataset!G26)) -> 0.27868852 | I88: =MAX(ABS(Dataset!B27-Dataset!B27),ABS(Dataset!C27-Dataset!C27),ABS(Dataset!D27-Dataset!D27),ABS(Dataset!E27-Dataset!E27),ABS(Dataset!F27-Dataset!F27),ABS(Dataset!G27-Dataset!G27)) -> 0 | J88: =MAX(ABS(Dataset!B27-Dataset!B28),ABS(Dataset!C27-Dataset!C28),ABS(Dataset!D27-Dataset!D28),ABS(Dataset!E27-Dataset!E28),ABS(Dataset!F27-Dataset!F28),ABS(Dataset!G27-Dataset!G28)) -> 0.87804878 | K88: =MAX(ABS(Dataset!B27-Dataset!B29),ABS(Dataset!C27-Dataset!C29),ABS(Dataset!D27-Dataset!D29),ABS(Dataset!E27-Dataset!E29),ABS(Dataset!F27-Dataset!F29),ABS(Dataset!G27-Dataset!G29)) -> 0.95121951
A89: S9 | B89: =MAX(ABS(Dataset!B28-Dataset!B20),ABS(Dataset!C28-Dataset!C20),ABS(Dataset!D28-Dataset!D20),ABS(Dataset!E28-Dataset!E20),ABS(Dataset!F28-Dataset!F20),ABS(Dataset!G28-Dataset!G20)) -> 0.98305085 | C89: =MAX(ABS(Dataset!B28-Dataset!B21),ABS(Dataset!C28-Dataset!C21),ABS(Dataset!D28-Dataset!D21),ABS(Dataset!E28-Dataset!E21),ABS(Dataset!F28-Dataset!F21),ABS(Dataset!G28-Dataset!G21)) -> 0.81355932 | D89: =MAX(ABS(Dataset!B28-Dataset!B22),ABS(Dataset!C28-Dataset!C22),ABS(Dataset!D28-Dataset!D22),ABS(Dataset!E28-Dataset!E22),ABS(Dataset!F28-Dataset!F22),ABS(Dataset!G28-Dataset!G22)) -> 0.28813559 | E89: =MAX(ABS(Dataset!B28-Dataset!B23),ABS(Dataset!C28-Dataset!C23),ABS(Dataset!D28-Dataset!D23),ABS(Dataset!E28-Dataset!E23),ABS(Dataset!F28-Dataset!F23),ABS(Dataset!G28-Dataset!G23)) -> 0.82926829 | F89: =MAX(ABS(Dataset!B28-Dataset!B24),ABS(Dataset!C28-Dataset!C24),ABS(Dataset!D28-Dataset!D24),ABS(Dataset!E28-Dataset!E24),ABS(Dataset!F28-Dataset!F24),ABS(Dataset!G28-Dataset!G24)) -> 0.125 | G89: =MAX(ABS(Dataset!B28-Dataset!B25),ABS(Dataset!C28-Dataset!C25),ABS(Dataset!D28-Dataset!D25),ABS(Dataset!E28-Dataset!E25),ABS(Dataset!F28-Dataset!F25),ABS(Dataset!G28-Dataset!G25)) -> 0.63414634 | H89: =MAX(ABS(Dataset!B28-Dataset!B26),ABS(Dataset!C28-Dataset!C26),ABS(Dataset!D28-Dataset!D26),ABS(Dataset!E28-Dataset!E26),ABS(Dataset!F28-Dataset!F26),ABS(Dataset!G28-Dataset!G26)) -> 0.92682927 | I89: =MAX(ABS(Dataset!B28-Dataset!B27),ABS(Dataset!C28-Dataset!C27),ABS(Dataset!D28-Dataset!D27),ABS(Dataset!E28-Dataset!E27),ABS(Dataset!F28-Dataset!F27),ABS(Dataset!G28-Dataset!G27)) -> 0.87804878 | J89: =MAX(ABS(Dataset!B28-Dataset!B28),ABS(Dataset!C28-Dataset!C28),ABS(Dataset!D28-Dataset!D28),ABS(Dataset!E28-Dataset!E28),ABS(Dataset!F28-Dataset!F28),ABS(Dataset!G28-Dataset!G28)) -> 0 | K89: =MAX(ABS(Dataset!B28-Dataset!B29),ABS(Dataset!C28-Dataset!C29),ABS(Dataset!D28-Dataset!D29),ABS(Dataset!E28-Dataset!E29),ABS(Dataset!F28-Dataset!F29),ABS(Dataset!G28-Dataset!G29)) -> 0.49180328
A90: S10 | B90: =MAX(ABS(Dataset!B29-Dataset!B20),ABS(Dataset!C29-Dataset!C20),ABS(Dataset!D29-Dataset!D20),ABS(Dataset!E29-Dataset!E20),ABS(Dataset!F29-Dataset!F20),ABS(Dataset!G29-Dataset!G20)) -> 1 | C90: =MAX(ABS(Dataset!B29-Dataset!B21),ABS(Dataset!C29-Dataset!C21),ABS(Dataset!D29-Dataset!D21),ABS(Dataset!E29-Dataset!E21),ABS(Dataset!F29-Dataset!F21),ABS(Dataset!G29-Dataset!G21)) -> 0.83050847 | D90: =MAX(ABS(Dataset!B29-Dataset!B22),ABS(Dataset!C29-Dataset!C22),ABS(Dataset!D29-Dataset!D22),ABS(Dataset!E29-Dataset!E22),ABS(Dataset!F29-Dataset!F22),ABS(Dataset!G29-Dataset!G22)) -> 0.59016393 | E90: =MAX(ABS(Dataset!B29-Dataset!B23),ABS(Dataset!C29-Dataset!C23),ABS(Dataset!D29-Dataset!D23),ABS(Dataset!E29-Dataset!E23),ABS(Dataset!F29-Dataset!F23),ABS(Dataset!G29-Dataset!G23)) -> 0.90243902 | F90: =MAX(ABS(Dataset!B29-Dataset!B24),ABS(Dataset!C29-Dataset!C24),ABS(Dataset!D29-Dataset!D24),ABS(Dataset!E29-Dataset!E24),ABS(Dataset!F29-Dataset!F24),ABS(Dataset!G29-Dataset!G24)) -> 0.50819672 | G90: =MAX(ABS(Dataset!B29-Dataset!B25),ABS(Dataset!C29-Dataset!C25),ABS(Dataset!D29-Dataset!D25),ABS(Dataset!E29-Dataset!E25),ABS(Dataset!F29-Dataset!F25),ABS(Dataset!G29-Dataset!G25)) -> 0.70731707 | H90: =MAX(ABS(Dataset!B29-Dataset!B26),ABS(Dataset!C29-Dataset!C26),ABS(Dataset!D29-Dataset!D26),ABS(Dataset!E29-Dataset!E26),ABS(Dataset!F29-Dataset!F26),ABS(Dataset!G29-Dataset!G26)) -> 1 | I90: =MAX(ABS(Dataset!B29-Dataset!B27),ABS(Dataset!C29-Dataset!C27),ABS(Dataset!D29-Dataset!D27),ABS(Dataset!E29-Dataset!E27),ABS(Dataset!F29-Dataset!F27),ABS(Dataset!G29-Dataset!G27)) -> 0.95121951 | J90: =MAX(ABS(Dataset!B29-Dataset!B28),ABS(Dataset!C29-Dataset!C28),ABS(Dataset!D29-Dataset!D28),ABS(Dataset!E29-Dataset!E28),ABS(Dataset!F29-Dataset!F28),ABS(Dataset!G29-Dataset!G28)) -> 0.49180328 | K90: =MAX(ABS(Dataset!B29-Dataset!B29),ABS(Dataset!C29-Dataset!C29),ABS(Dataset!D29-Dataset!D29),ABS(Dataset!E29-Dataset!E29),ABS(Dataset!F29-Dataset!F29),ABS(Dataset!G29-Dataset!G29)) -> 0
A94: Canberra (MinMax)
A95: Object | B95: S1 | C95: S2 | D95: S3 | E95: S4 | F95: S5 | G95: S6 | H95: S7 | I95: S8 | J95: S9 | K95: S10
A96: S1 | B96: =SUM(IF(ABS(Dataset!B20)+ABS(Dataset!B20)=0,0,ABS(Dataset!B20-Dataset!B20)/(ABS(Dataset!B20)+ABS(Dataset!B20))),IF(ABS(Dataset!C20)+ABS(Dataset!C20)=0,0,ABS(Dataset!C20-Dataset!C20)/(ABS(Dataset!C20)+ABS(Dataset!C20))),IF(ABS(Dataset!D20)+ABS(Dataset!D20)=0,0,ABS(Dataset!D20-Dataset!D20)/(ABS(Dataset!D20)+ABS(Dataset!D20))),IF(ABS(Dataset!E20)+ABS(Dataset!E20)=0,0,ABS(Dataset!E20-Dataset!E20)/(ABS(Dataset!E20)+ABS(Dataset!E20))),IF(ABS(Dataset!F20)+ABS(Dataset!F20)=0,0,ABS(Dataset!F20-Dataset!F20)/(ABS(Dataset!F20)+ABS(Dataset!F20))),IF(ABS(Dataset!G20)+ABS(Dataset!G20)=0,0,ABS(Dataset!G20-Dataset!G20)/(ABS(Dataset!G20)+ABS(Dataset!G20)))) -> 0 | C96: =SUM(IF(ABS(Dataset!B20)+ABS(Dataset!B21)=0,0,ABS(Dataset!B20-Dataset!B21)/(ABS(Dataset!B20)+ABS(Dataset!B21))),IF(ABS(Dataset!C20)+ABS(Dataset!C21)=0,0,ABS(Dataset!C20-Dataset!C21)/(ABS(Dataset!C20)+ABS(Dataset!C21))),IF(ABS(Dataset!D20)+ABS(Dataset!D21)=0,0,ABS(Dataset!D20-Dataset!D21)/(ABS(Dataset!D20)+ABS(Dataset!D21))),IF(ABS(Dataset!E20)+ABS(Dataset!E21)=0,0,ABS(Dataset!E20-Dataset!E21)/(ABS(Dataset!E20)+ABS(Dataset!E21))),IF(ABS(Dataset!F20)+ABS(Dataset!F21)=0,0,ABS(Dataset!F20-Dataset!F21)/(ABS(Dataset!F20)+ABS(Dataset!F21))),IF(ABS(Dataset!G20)+ABS(Dataset!G21)=0,0,ABS(Dataset!G20-Dataset!G21)/(ABS(Dataset!G20)+ABS(Dataset!G21)))) -> 4.6969581 | D96: =SUM(IF(ABS(Dataset!B20)+ABS(Dataset!B22)=0,0,ABS(Dataset!B20-Dataset!B22)/(ABS(Dataset!B20)+ABS(Dataset!B22))),IF(ABS(Dataset!C20)+ABS(Dataset!C22)=0,0,ABS(Dataset!C20-Dataset!C22)/(ABS(Dataset!C20)+ABS(Dataset!C22))),IF(ABS(Dataset!D20)+ABS(Dataset!D22)=0,0,ABS(Dataset!D20-Dataset!D22)/(ABS(Dataset!D20)+ABS(Dataset!D22))),IF(ABS(Dataset!E20)+ABS(Dataset!E22)=0,0,ABS(Dataset!E20-Dataset!E22)/(ABS(Dataset!E20)+ABS(Dataset!E22))),IF(ABS(Dataset!F20)+ABS(Dataset!F22)=0,0,ABS(Dataset!F20-Dataset!F22)/(ABS(Dataset!F20)+ABS(Dataset!F22))),IF(ABS(Dataset!G20)+ABS(Dataset!G22)=0,0,ABS(Dataset!G20-Dataset!G22)/(ABS(Dataset!G20)+ABS(Dataset!G22)))) -> 5.0280233 | E96: =SUM(IF(ABS(Dataset!B20)+ABS(Dataset!B23)=0,0,ABS(Dataset!B20-Dataset!B23)/(ABS(Dataset!B20)+ABS(Dataset!B23))),IF(ABS(Dataset!C20)+ABS(Dataset!C23)=0,0,ABS(Dataset!C20-Dataset!C23)/(ABS(Dataset!C20)+ABS(Dataset!C23))),IF(ABS(Dataset!D20)+ABS(Dataset!D23)=0,0,ABS(Dataset!D20-Dataset!D23)/(ABS(Dataset!D20)+ABS(Dataset!D23))),IF(ABS(Dataset!E20)+ABS(Dataset!E23)=0,0,ABS(Dataset!E20-Dataset!E23)/(ABS(Dataset!E20)+ABS(Dataset!E23))),IF(ABS(Dataset!F20)+ABS(Dataset!F23)=0,0,ABS(Dataset!F20-Dataset!F23)/(ABS(Dataset!F20)+ABS(Dataset!F23))),IF(ABS(Dataset!G20)+ABS(Dataset!G23)=0,0,ABS(Dataset!G20-Dataset!G23)/(ABS(Dataset!G20)+ABS(Dataset!G23)))) -> 4.3294723 | F96: =SUM(IF(ABS(Dataset!B20)+ABS(Dataset!B24)=0,0,ABS(Dataset!B20-Dataset!B24)/(ABS(Dataset!B20)+ABS(Dataset!B24))),IF(ABS(Dataset!C20)+ABS(Dataset!C24)=0,0,ABS(Dataset!C20-Dataset!C24)/(ABS(Dataset!C20)+ABS(Dataset!C24))),IF(ABS(Dataset!D20)+ABS(Dataset!D24)=0,0,ABS(Dataset!D20-Dataset!D24)/(ABS(Dataset!D20)+ABS(Dataset!D24))),IF(ABS(Dataset!E20)+ABS(Dataset!E24)=0,0,ABS(Dataset!E20-Dataset!E24)/(ABS(Dataset!E20)+ABS(Dataset!E24))),IF(ABS(Dataset!F20)+ABS(Dataset!F24)=0,0,ABS(Dataset!F20-Dataset!F24)/(ABS(Dataset!F20)+ABS(Dataset!F24))),IF(ABS(Dataset!G20)+ABS(Dataset!G24)=0,0,ABS(Dataset!G20-Dataset!G24)/(ABS(Dataset!G20)+ABS(Dataset!G24)))) -> 4.943937 | G96: =SUM(IF(ABS(Dataset!B20)+ABS(Dataset!B25)=0,0,ABS(Dataset!B20-Dataset!B25)/(ABS(Dataset!B20)+ABS(Dataset!B25))),IF(ABS(Dataset!C20)+ABS(Dataset!C25)=0,0,ABS(Dataset!C20-Dataset!C25)/(ABS(Dataset!C20)+ABS(Dataset!C25))),IF(ABS(Dataset!D20)+ABS(Dataset!D25)=0,0,ABS(Dataset!D20-Dataset!D25)/(ABS(Dataset!D20)+ABS(Dataset!D25))),IF(ABS(Dataset!E20)+ABS(Dataset!E25)=0,0,ABS(Dataset!E20-Dataset!E25)/(ABS(Dataset!E20)+ABS(Dataset!E25))),IF(ABS(Dataset!F20)+ABS(Dataset!F25)=0,0,ABS(Dataset!F20-Dataset!F25)/(ABS(Dataset!F20)+ABS(Dataset!F25))),IF(ABS(Dataset!G20)+ABS(Dataset!G25)=0,0,ABS(Dataset!G20-Dataset!G25)/(ABS(Dataset!G20)+ABS(Dataset!G25)))) -> 4.4782114 | H96: =SUM(IF(ABS(Dataset!B20)+ABS(Dataset!B26)=0,0,ABS(Dataset!B20-Dataset!B26)/(ABS(Dataset!B20)+ABS(Dataset!B26))),IF(ABS(Dataset!C20)+ABS(Dataset!C26)=0,0,ABS(Dataset!C20-Dataset!C26)/(ABS(Dataset!C20)+ABS(Dataset!C26))),IF(ABS(Dataset!D20)+ABS(Dataset!D26)=0,0,ABS(Dataset!D20-Dataset!D26)/(ABS(Dataset!D20)+ABS(Dataset!D26))),IF(ABS(Dataset!E20)+ABS(Dataset!E26)=0,0,ABS(Dataset!E20-Dataset!E26)/(ABS(Dataset!E20)+ABS(Dataset!E26))),IF(ABS(Dataset!F20)+ABS(Dataset!F26)=0,0,ABS(Dataset!F20-Dataset!F26)/(ABS(Dataset!F20)+ABS(Dataset!F26))),IF(ABS(Dataset!G20)+ABS(Dataset!G26)=0,0,ABS(Dataset!G20-Dataset!G26)/(ABS(Dataset!G20)+ABS(Dataset!G26)))) -> 6 | I96: =SUM(IF(ABS(Dataset!B20)+ABS(Dataset!B27)=0,0,ABS(Dataset!B20-Dataset!B27)/(ABS(Dataset!B20)+ABS(Dataset!B27))),IF(ABS(Dataset!C20)+ABS(Dataset!C27)=0,0,ABS(Dataset!C20-Dataset!C27)/(ABS(Dataset!C20)+ABS(Dataset!C27))),IF(ABS(Dataset!D20)+ABS(Dataset!D27)=0,0,ABS(Dataset!D20-Dataset!D27)/(ABS(Dataset!D20)+ABS(Dataset!D27))),IF(ABS(Dataset!E20)+ABS(Dataset!E27)=0,0,ABS(Dataset!E20-Dataset!E27)/(ABS(Dataset!E20)+ABS(Dataset!E27))),IF(ABS(Dataset!F20)+ABS(Dataset!F27)=0,0,ABS(Dataset!F20-Dataset!F27)/(ABS(Dataset!F20)+ABS(Dataset!F27))),IF(ABS(Dataset!G20)+ABS(Dataset!G27)=0,0,ABS(Dataset!G20-Dataset!G27)/(ABS(Dataset!G20)+ABS(Dataset!G27)))) -> 4.2204651 | J96: =SUM(IF(ABS(Dataset!B20)+ABS(Dataset!B28)=0,0,ABS(Dataset!B20-Dataset!B28)/(ABS(Dataset!B20)+ABS(Dataset!B28))),IF(ABS(Dataset!C20)+ABS(Dataset!C28)=0,0,ABS(Dataset!C20-Dataset!C28)/(ABS(Dataset!C20)+ABS(Dataset!C28))),IF(ABS(Dataset!D20)+ABS(Dataset!D28)=0,0,ABS(Dataset!D20-Dataset!D28)/(ABS(Dataset!D20)+ABS(Dataset!D28))),IF(ABS(Dataset!E20)+ABS(Dataset!E28)=0,0,ABS(Dataset!E20-Dataset!E28)/(ABS(Dataset!E20)+ABS(Dataset!E28))),IF(ABS(Dataset!F20)+ABS(Dataset!F28)=0,0,ABS(Dataset!F20-Dataset!F28)/(ABS(Dataset!F20)+ABS(Dataset!F28))),IF(ABS(Dataset!G20)+ABS(Dataset!G28)=0,0,ABS(Dataset!G20-Dataset!G28)/(ABS(Dataset!G20)+ABS(Dataset!G28)))) -> 4.8400616 | K96: =SUM(IF(ABS(Dataset!B20)+ABS(Dataset!B29)=0,0,ABS(Dataset!B20-Dataset!B29)/(ABS(Dataset!B20)+ABS(Dataset!B29))),IF(ABS(Dataset!C20)+ABS(Dataset!C29)=0,0,ABS(Dataset!C20-Dataset!C29)/(ABS(Dataset!C20)+ABS(Dataset!C29))),IF(ABS(Dataset!D20)+ABS(Dataset!D29)=0,0,ABS(Dataset!D20-Dataset!D29)/(ABS(Dataset!D20)+ABS(Dataset!D29))),IF(ABS(Dataset!E20)+ABS(Dataset!E29)=0,0,ABS(Dataset!E20-Dataset!E29)/(ABS(Dataset!E20)+ABS(Dataset!E29))),IF(ABS(Dataset!F20)+ABS(Dataset!F29)=0,0,ABS(Dataset!F20-Dataset!F29)/(ABS(Dataset!F20)+ABS(Dataset!F29))),IF(ABS(Dataset!G20)+ABS(Dataset!G29)=0,0,ABS(Dataset!G20-Dataset!G29)/(ABS(Dataset!G20)+ABS(Dataset!G29)))) -> 4.5985988
A97: S2 | B97: =SUM(IF(ABS(Dataset!B21)+ABS(Dataset!B20)=0,0,ABS(Dataset!B21-Dataset!B20)/(ABS(Dataset!B21)+ABS(Dataset!B20))),IF(ABS(Dataset!C21)+ABS(Dataset!C20)=0,0,ABS(Dataset!C21-Dataset!C20)/(ABS(Dataset!C21)+ABS(Dataset!C20))),IF(ABS(Dataset!D21)+ABS(Dataset!D20)=0,0,ABS(Dataset!D21-Dataset!D20)/(ABS(Dataset!D21)+ABS(Dataset!D20))),IF(ABS(Dataset!E21)+ABS(Dataset!E20)=0,0,ABS(Dataset!E21-Dataset!E20)/(ABS(Dataset!E21)+ABS(Dataset!E20))),IF(ABS(Dataset!F21)+ABS(Dataset!F20)=0,0,ABS(Dataset!F21-Dataset!F20)/(ABS(Dataset!F21)+ABS(Dataset!F20))),IF(ABS(Dataset!G21)+ABS(Dataset!G20)=0,0,ABS(Dataset!G21-Dataset!G20)/(ABS(Dataset!G21)+ABS(Dataset!G20)))) -> 4.6969581 | C97: =SUM(IF(ABS(Dataset!B21)+ABS(Dataset!B21)=0,0,ABS(Dataset!B21-Dataset!B21)/(ABS(Dataset!B21)+ABS(Dataset!B21))),IF(ABS(Dataset!C21)+ABS(Dataset!C21)=0,0,ABS(Dataset!C21-Dataset!C21)/(ABS(Dataset!C21)+ABS(Dataset!C21))),IF(ABS(Dataset!D21)+ABS(Dataset!D21)=0,0,ABS(Dataset!D21-Dataset!D21)/(ABS(Dataset!D21)+ABS(Dataset!D21))),IF(ABS(Dataset!E21)+ABS(Dataset!E21)=0,0,ABS(Dataset!E21-Dataset!E21)/(ABS(Dataset!E21)+ABS(Dataset!E21))),IF(ABS(Dataset!F21)+ABS(Dataset!F21)=0,0,ABS(Dataset!F21-Dataset!F21)/(ABS(Dataset!F21)+ABS(Dataset!F21))),IF(ABS(Dataset!G21)+ABS(Dataset!G21)=0,0,ABS(Dataset!G21-Dataset!G21)/(ABS(Dataset!G21)+ABS(Dataset!G21)))) -> 0 | D97: =SUM(IF(ABS(Dataset!B21)+ABS(Dataset!B22)=0,0,ABS(Dataset!B21-Dataset!B22)/(ABS(Dataset!B21)+ABS(Dataset!B22))),IF(ABS(Dataset!C21)+ABS(Dataset!C22)=0,0,ABS(Dataset!C21-Dataset!C22)/(ABS(Dataset!C21)+ABS(Dataset!C22))),IF(ABS(Dataset!D21)+ABS(Dataset!D22)=0,0,ABS(Dataset!D21-Dataset!D22)/(ABS(Dataset!D21)+ABS(Dataset!D22))),IF(ABS(Dataset!E21)+ABS(Dataset!E22)=0,0,ABS(Dataset!E21-Dataset!E22)/(ABS(Dataset!E21)+ABS(Dataset!E22))),IF(ABS(Dataset!F21)+ABS(Dataset!F22)=0,0,ABS(Dataset!F21-Dataset!F22)/(ABS(Dataset!F21)+ABS(Dataset!F22))),IF(ABS(Dataset!G21)+ABS(Dataset!G22)=0,0,ABS(Dataset!G21-Dataset!G22)/(ABS(Dataset!G21)+ABS(Dataset!G22)))) -> 1.916496 | E97: =SUM(IF(ABS(Dataset!B21)+ABS(Dataset!B23)=0,0,ABS(Dataset!B21-Dataset!B23)/(ABS(Dataset!B21)+ABS(Dataset!B23))),IF(ABS(Dataset!C21)+ABS(Dataset!C23)=0,0,ABS(Dataset!C21-Dataset!C23)/(ABS(Dataset!C21)+ABS(Dataset!C23))),IF(ABS(Dataset!D21)+ABS(Dataset!D23)=0,0,ABS(Dataset!D21-Dataset!D23)/(ABS(Dataset!D21)+ABS(Dataset!D23))),IF(ABS(Dataset!E21)+ABS(Dataset!E23)=0,0,ABS(Dataset!E21-Dataset!E23)/(ABS(Dataset!E21)+ABS(Dataset!E23))),IF(ABS(Dataset!F21)+ABS(Dataset!F23)=0,0,ABS(Dataset!F21-Dataset!F23)/(ABS(Dataset!F21)+ABS(Dataset!F23))),IF(ABS(Dataset!G21)+ABS(Dataset!G23)=0,0,ABS(Dataset!G21-Dataset!G23)/(ABS(Dataset!G21)+ABS(Dataset!G23)))) -> 1.896231 | F97: =SUM(IF(ABS(Dataset!B21)+ABS(Dataset!B24)=0,0,ABS(Dataset!B21-Dataset!B24)/(ABS(Dataset!B21)+ABS(Dataset!B24))),IF(ABS(Dataset!C21)+ABS(Dataset!C24)=0,0,ABS(Dataset!C21-Dataset!C24)/(ABS(Dataset!C21)+ABS(Dataset!C24))),IF(ABS(Dataset!D21)+ABS(Dataset!D24)=0,0,ABS(Dataset!D21-Dataset!D24)/(ABS(Dataset!D21)+ABS(Dataset!D24))),IF(ABS(Dataset!E21)+ABS(Dataset!E24)=0,0,ABS(Dataset!E21-Dataset!E24)/(ABS(Dataset!E21)+ABS(Dataset!E24))),IF(ABS(Dataset!F21)+ABS(Dataset!F24)=0,0,ABS(Dataset!F21-Dataset!F24)/(ABS(Dataset!F21)+ABS(Dataset!F24))),IF(ABS(Dataset!G21)+ABS(Dataset!G24)=0,0,ABS(Dataset!G21-Dataset!G24)/(ABS(Dataset!G21)+ABS(Dataset!G24)))) -> 2.1479532 | G97: =SUM(IF(ABS(Dataset!B21)+ABS(Dataset!B25)=0,0,ABS(Dataset!B21-Dataset!B25)/(ABS(Dataset!B21)+ABS(Dataset!B25))),IF(ABS(Dataset!C21)+ABS(Dataset!C25)=0,0,ABS(Dataset!C21-Dataset!C25)/(ABS(Dataset!C21)+ABS(Dataset!C25))),IF(ABS(Dataset!D21)+ABS(Dataset!D25)=0,0,ABS(Dataset!D21-Dataset!D25)/(ABS(Dataset!D21)+ABS(Dataset!D25))),IF(ABS(Dataset!E21)+ABS(Dataset!E25)=0,0,ABS(Dataset!E21-Dataset!E25)/(ABS(Dataset!E21)+ABS(Dataset!E25))),IF(ABS(Dataset!F21)+ABS(Dataset!F25)=0,0,ABS(Dataset!F21-Dataset!F25)/(ABS(Dataset!F21)+ABS(Dataset!F25))),IF(ABS(Dataset!G21)+ABS(Dataset!G25)=0,0,ABS(Dataset!G21-Dataset!G25)/(ABS(Dataset!G21)+ABS(Dataset!G25)))) -> 1.5732499 | H97: =SUM(IF(ABS(Dataset!B21)+ABS(Dataset!B26)=0,0,ABS(Dataset!B21-Dataset!B26)/(ABS(Dataset!B21)+ABS(Dataset!B26))),IF(ABS(Dataset!C21)+ABS(Dataset!C26)=0,0,ABS(Dataset!C21-Dataset!C26)/(ABS(Dataset!C21)+ABS(Dataset!C26))),IF(ABS(Dataset!D21)+ABS(Dataset!D26)=0,0,ABS(Dataset!D21-Dataset!D26)/(ABS(Dataset!D21)+ABS(Dataset!D26))),IF(ABS(Dataset!E21)+ABS(Dataset!E26)=0,0,ABS(Dataset!E21-Dataset!E26)/(ABS(Dataset!E21)+ABS(Dataset!E26))),IF(ABS(Dataset!F21)+ABS(Dataset!F26)=0,0,ABS(Dataset!F21-Dataset!F26)/(ABS(Dataset!F21)+ABS(Dataset!F26))),IF(ABS(Dataset!G21)+ABS(Dataset!G26)=0,0,ABS(Dataset!G21-Dataset!G26)/(ABS(Dataset!G21)+ABS(Dataset!G26)))) -> 3.9205278 | I97: =SUM(IF(ABS(Dataset!B21)+ABS(Dataset!B27)=0,0,ABS(Dataset!B21-Dataset!B27)/(ABS(Dataset!B21)+ABS(Dataset!B27))),IF(ABS(Dataset!C21)+ABS(Dataset!C27)=0,0,ABS(Dataset!C21-Dataset!C27)/(ABS(Dataset!C21)+ABS(Dataset!C27))),IF(ABS(Dataset!D21)+ABS(Dataset!D27)=0,0,ABS(Dataset!D21-Dataset!D27)/(ABS(Dataset!D21)+ABS(Dataset!D27))),IF(ABS(Dataset!E21)+ABS(Dataset!E27)=0,0,ABS(Dataset!E21-Dataset!E27)/(ABS(Dataset!E21)+ABS(Dataset!E27))),IF(ABS(Dataset!F21)+ABS(Dataset!F27)=0,0,ABS(Dataset!F21-Dataset!F27)/(ABS(Dataset!F21)+ABS(Dataset!F27))),IF(ABS(Dataset!G21)+ABS(Dataset!G27)=0,0,ABS(Dataset!G21-Dataset!G27)/(ABS(Dataset!G21)+ABS(Dataset!G27)))) -> 2.798174 | J97: =SUM(IF(ABS(Dataset!B21)+ABS(Dataset!B28)=0,0,ABS(Dataset!B21-Dataset!B28)/(ABS(Dataset!B21)+ABS(Dataset!B28))),IF(ABS(Dataset!C21)+ABS(Dataset!C28)=0,0,ABS(Dataset!C21-Dataset!C28)/(ABS(Dataset!C21)+ABS(Dataset!C28))),IF(ABS(Dataset!D21)+ABS(Dataset!D28)=0,0,ABS(Dataset!D21-Dataset!D28)/(ABS(Dataset!D21)+ABS(Dataset!D28))),IF(ABS(Dataset!E21)+ABS(Dataset!E28)=0,0,ABS(Dataset!E21-Dataset!E28)/(ABS(Dataset!E21)+ABS(Dataset!E28))),IF(ABS(Dataset!F21)+ABS(Dataset!F28)=0,0,ABS(Dataset!F21-Dataset!F28)/(ABS(Dataset!F21)+ABS(Dataset!F28))),IF(ABS(Dataset!G21)+ABS(Dataset!G28)=0,0,ABS(Dataset!G21-Dataset!G28)/(ABS(Dataset!G21)+ABS(Dataset!G28)))) -> 2.2151449 | K97: =SUM(IF(ABS(Dataset!B21)+ABS(Dataset!B29)=0,0,ABS(Dataset!B21-Dataset!B29)/(ABS(Dataset!B21)+ABS(Dataset!B29))),IF(ABS(Dataset!C21)+ABS(Dataset!C29)=0,0,ABS(Dataset!C21-Dataset!C29)/(ABS(Dataset!C21)+ABS(Dataset!C29))),IF(ABS(Dataset!D21)+ABS(Dataset!D29)=0,0,ABS(Dataset!D21-Dataset!D29)/(ABS(Dataset!D21)+ABS(Dataset!D29))),IF(ABS(Dataset!E21)+ABS(Dataset!E29)=0,0,ABS(Dataset!E21-Dataset!E29)/(ABS(Dataset!E21)+ABS(Dataset!E29))),IF(ABS(Dataset!F21)+ABS(Dataset!F29)=0,0,ABS(Dataset!F21-Dataset!F29)/(ABS(Dataset!F21)+ABS(Dataset!F29))),IF(ABS(Dataset!G21)+ABS(Dataset!G29)=0,0,ABS(Dataset!G21-Dataset!G29)/(ABS(Dataset!G21)+ABS(Dataset!G29)))) -> 2.4088468
A98: S3 | B98: =SUM(IF(ABS(Dataset!B22)+ABS(Dataset!B20)=0,0,ABS(Dataset!B22-Dataset!B20)/(ABS(Dataset!B22)+ABS(Dataset!B20))),IF(ABS(Dataset!C22)+ABS(Dataset!C20)=0,0,ABS(Dataset!C22-Dataset!C20)/(ABS(Dataset!C22)+ABS(Dataset!C20))),IF(ABS(Dataset!D22)+ABS(Dataset!D20)=0,0,ABS(Dataset!D22-Dataset!D20)/(ABS(Dataset!D22)+ABS(Dataset!D20))),IF(ABS(Dataset!E22)+ABS(Dataset!E20)=0,0,ABS(Dataset!E22-Dataset!E20)/(ABS(Dataset!E22)+ABS(Dataset!E20))),IF(ABS(Dataset!F22)+ABS(Dataset!F20)=0,0,ABS(Dataset!F22-Dataset!F20)/(ABS(Dataset!F22)+ABS(Dataset!F20))),IF(ABS(Dataset!G22)+ABS(Dataset!G20)=0,0,ABS(Dataset!G22-Dataset!G20)/(ABS(Dataset!G22)+ABS(Dataset!G20)))) -> 5.0280233 | C98: =SUM(IF(ABS(Dataset!B22)+ABS(Dataset!B21)=0,0,ABS(Dataset!B22-Dataset!B21)/(ABS(Dataset!B22)+ABS(Dataset!B21))),IF(ABS(Dataset!C22)+ABS(Dataset!C21)=0,0,ABS(Dataset!C22-Dataset!C21)/(ABS(Dataset!C22)+ABS(Dataset!C21))),IF(ABS(Dataset!D22)+ABS(Dataset!D21)=0,0,ABS(Dataset!D22-Dataset!D21)/(ABS(Dataset!D22)+ABS(Dataset!D21))),IF(ABS(Dataset!E22)+ABS(Dataset!E21)=0,0,ABS(Dataset!E22-Dataset!E21)/(ABS(Dataset!E22)+ABS(Dataset!E21))),IF(ABS(Dataset!F22)+ABS(Dataset!F21)=0,0,ABS(Dataset!F22-Dataset!F21)/(ABS(Dataset!F22)+ABS(Dataset!F21))),IF(ABS(Dataset!G22)+ABS(Dataset!G21)=0,0,ABS(Dataset!G22-Dataset!G21)/(ABS(Dataset!G22)+ABS(Dataset!G21)))) -> 1.916496 | D98: =SUM(IF(ABS(Dataset!B22)+ABS(Dataset!B22)=0,0,ABS(Dataset!B22-Dataset!B22)/(ABS(Dataset!B22)+ABS(Dataset!B22))),IF(ABS(Dataset!C22)+ABS(Dataset!C22)=0,0,ABS(Dataset!C22-Dataset!C22)/(ABS(Dataset!C22)+ABS(Dataset!C22))),IF(ABS(Dataset!D22)+ABS(Dataset!D22)=0,0,ABS(Dataset!D22-Dataset!D22)/(ABS(Dataset!D22)+ABS(Dataset!D22))),IF(ABS(Dataset!E22)+ABS(Dataset!E22)=0,0,ABS(Dataset!E22-Dataset!E22)/(ABS(Dataset!E22)+ABS(Dataset!E22))),IF(ABS(Dataset!F22)+ABS(Dataset!F22)=0,0,ABS(Dataset!F22-Dataset!F22)/(ABS(Dataset!F22)+ABS(Dataset!F22))),IF(ABS(Dataset!G22)+ABS(Dataset!G22)=0,0,ABS(Dataset!G22-Dataset!G22)/(ABS(Dataset!G22)+ABS(Dataset!G22)))) -> 0 | E98: =SUM(IF(ABS(Dataset!B22)+ABS(Dataset!B23)=0,0,ABS(Dataset!B22-Dataset!B23)/(ABS(Dataset!B22)+ABS(Dataset!B23))),IF(ABS(Dataset!C22)+ABS(Dataset!C23)=0,0,ABS(Dataset!C22-Dataset!C23)/(ABS(Dataset!C22)+ABS(Dataset!C23))),IF(ABS(Dataset!D22)+ABS(Dataset!D23)=0,0,ABS(Dataset!D22-Dataset!D23)/(ABS(Dataset!D22)+ABS(Dataset!D23))),IF(ABS(Dataset!E22)+ABS(Dataset!E23)=0,0,ABS(Dataset!E22-Dataset!E23)/(ABS(Dataset!E22)+ABS(Dataset!E23))),IF(ABS(Dataset!F22)+ABS(Dataset!F23)=0,0,ABS(Dataset!F22-Dataset!F23)/(ABS(Dataset!F22)+ABS(Dataset!F23))),IF(ABS(Dataset!G22)+ABS(Dataset!G23)=0,0,ABS(Dataset!G22-Dataset!G23)/(ABS(Dataset!G22)+ABS(Dataset!G23)))) -> 2.2825586 | F98: =SUM(IF(ABS(Dataset!B22)+ABS(Dataset!B24)=0,0,ABS(Dataset!B22-Dataset!B24)/(ABS(Dataset!B22)+ABS(Dataset!B24))),IF(ABS(Dataset!C22)+ABS(Dataset!C24)=0,0,ABS(Dataset!C22-Dataset!C24)/(ABS(Dataset!C22)+ABS(Dataset!C24))),IF(ABS(Dataset!D22)+ABS(Dataset!D24)=0,0,ABS(Dataset!D22-Dataset!D24)/(ABS(Dataset!D22)+ABS(Dataset!D24))),IF(ABS(Dataset!E22)+ABS(Dataset!E24)=0,0,ABS(Dataset!E22-Dataset!E24)/(ABS(Dataset!E22)+ABS(Dataset!E24))),IF(ABS(Dataset!F22)+ABS(Dataset!F24)=0,0,ABS(Dataset!F22-Dataset!F24)/(ABS(Dataset!F22)+ABS(Dataset!F24))),IF(ABS(Dataset!G22)+ABS(Dataset!G24)=0,0,ABS(Dataset!G22-Dataset!G24)/(ABS(Dataset!G22)+ABS(Dataset!G24)))) -> 0.58771202 | G98: =SUM(IF(ABS(Dataset!B22)+ABS(Dataset!B25)=0,0,ABS(Dataset!B22-Dataset!B25)/(ABS(Dataset!B22)+ABS(Dataset!B25))),IF(ABS(Dataset!C22)+ABS(Dataset!C25)=0,0,ABS(Dataset!C22-Dataset!C25)/(ABS(Dataset!C22)+ABS(Dataset!C25))),IF(ABS(Dataset!D22)+ABS(Dataset!D25)=0,0,ABS(Dataset!D22-Dataset!D25)/(ABS(Dataset!D22)+ABS(Dataset!D25))),IF(ABS(Dataset!E22)+ABS(Dataset!E25)=0,0,ABS(Dataset!E22-Dataset!E25)/(ABS(Dataset!E22)+ABS(Dataset!E25))),IF(ABS(Dataset!F22)+ABS(Dataset!F25)=0,0,ABS(Dataset!F22-Dataset!F25)/(ABS(Dataset!F22)+ABS(Dataset!F25))),IF(ABS(Dataset!G22)+ABS(Dataset!G25)=0,0,ABS(Dataset!G22-Dataset!G25)/(ABS(Dataset!G22)+ABS(Dataset!G25)))) -> 1.5209161 | H98: =SUM(IF(ABS(Dataset!B22)+ABS(Dataset!B26)=0,0,ABS(Dataset!B22-Dataset!B26)/(ABS(Dataset!B22)+ABS(Dataset!B26))),IF(ABS(Dataset!C22)+ABS(Dataset!C26)=0,0,ABS(Dataset!C22-Dataset!C26)/(ABS(Dataset!C22)+ABS(Dataset!C26))),IF(ABS(Dataset!D22)+ABS(Dataset!D26)=0,0,ABS(Dataset!D22-Dataset!D26)/(ABS(Dataset!D22)+ABS(Dataset!D26))),IF(ABS(Dataset!E22)+ABS(Dataset!E26)=0,0,ABS(Dataset!E22-Dataset!E26)/(ABS(Dataset!E22)+ABS(Dataset!E26))),IF(ABS(Dataset!F22)+ABS(Dataset!F26)=0,0,ABS(Dataset!F22-Dataset!F26)/(ABS(Dataset!F22)+ABS(Dataset!F26))),IF(ABS(Dataset!G22)+ABS(Dataset!G26)=0,0,ABS(Dataset!G22-Dataset!G26)/(ABS(Dataset!G22)+ABS(Dataset!G26)))) -> 4.4033634 | I98: =SUM(IF(ABS(Dataset!B22)+ABS(Dataset!B27)=0,0,ABS(Dataset!B22-Dataset!B27)/(ABS(Dataset!B22)+ABS(Dataset!B27))),IF(ABS(Dataset!C22)+ABS(Dataset!C27)=0,0,ABS(Dataset!C22-Dataset!C27)/(ABS(Dataset!C22)+ABS(Dataset!C27))),IF(ABS(Dataset!D22)+ABS(Dataset!D27)=0,0,ABS(Dataset!D22-Dataset!D27)/(ABS(Dataset!D22)+ABS(Dataset!D27))),IF(ABS(Dataset!E22)+ABS(Dataset!E27)=0,0,ABS(Dataset!E22-Dataset!E27)/(ABS(Dataset!E22)+ABS(Dataset!E27))),IF(ABS(Dataset!F22)+ABS(Dataset!F27)=0,0,ABS(Dataset!F22-Dataset!F27)/(ABS(Dataset!F22)+ABS(Dataset!F27))),IF(ABS(Dataset!G22)+ABS(Dataset!G27)=0,0,ABS(Dataset!G22-Dataset!G27)/(ABS(Dataset!G22)+ABS(Dataset!G27)))) -> 3.1501615 | J98: =SUM(IF(ABS(Dataset!B22)+ABS(Dataset!B28)=0,0,ABS(Dataset!B22-Dataset!B28)/(ABS(Dataset!B22)+ABS(Dataset!B28))),IF(ABS(Dataset!C22)+ABS(Dataset!C28)=0,0,ABS(Dataset!C22-Dataset!C28)/(ABS(Dataset!C22)+ABS(Dataset!C28))),IF(ABS(Dataset!D22)+ABS(Dataset!D28)=0,0,ABS(Dataset!D22-Dataset!D28)/(ABS(Dataset!D22)+ABS(Dataset!D28))),IF(ABS(Dataset!E22)+ABS(Dataset!E28)=0,0,ABS(Dataset!E22-Dataset!E28)/(ABS(Dataset!E22)+ABS(Dataset!E28))),IF(ABS(Dataset!F22)+ABS(Dataset!F28)=0,0,ABS(Dataset!F22-Dataset!F28)/(ABS(Dataset!F22)+ABS(Dataset!F28))),IF(ABS(Dataset!G22)+ABS(Dataset!G28)=0,0,ABS(Dataset!G22-Dataset!G28)/(ABS(Dataset!G22)+ABS(Dataset!G28)))) -> 0.68856412 | K98: =SUM(IF(ABS(Dataset!B22)+ABS(Dataset!B29)=0,0,ABS(Dataset!B22-Dataset!B29)/(ABS(Dataset!B22)+ABS(Dataset!B29))),IF(ABS(Dataset!C22)+ABS(Dataset!C29)=0,0,ABS(Dataset!C22-Dataset!C29)/(ABS(Dataset!C22)+ABS(Dataset!C29))),IF(ABS(Dataset!D22)+ABS(Dataset!D29)=0,0,ABS(Dataset!D22-Dataset!D29)/(ABS(Dataset!D22)+ABS(Dataset!D29))),IF(ABS(Dataset!E22)+ABS(Dataset!E29)=0,0,ABS(Dataset!E22-Dataset!E29)/(ABS(Dataset!E22)+ABS(Dataset!E29))),IF(ABS(Dataset!F22)+ABS(Dataset!F29)=0,0,ABS(Dataset!F22-Dataset!F29)/(ABS(Dataset!F22)+ABS(Dataset!F29))),IF(ABS(Dataset!G22)+ABS(Dataset!G29)=0,0,ABS(Dataset!G22-Dataset!G29)/(ABS(Dataset!G22)+ABS(Dataset!G29)))) -> 1.3292712
A99: S4 | B99: =SUM(IF(ABS(Dataset!B23)+ABS(Dataset!B20)=0,0,ABS(Dataset!B23-Dataset!B20)/(ABS(Dataset!B23)+ABS(Dataset!B20))),IF(ABS(Dataset!C23)+ABS(Dataset!C20)=0,0,ABS(Dataset!C23-Dataset!C20)/(ABS(Dataset!C23)+ABS(Dataset!C20))),IF(ABS(Dataset!D23)+ABS(Dataset!D20)=0,0,ABS(Dataset!D23-Dataset!D20)/(ABS(Dataset!D23)+ABS(Dataset!D20))),IF(ABS(Dataset!E23)+ABS(Dataset!E20)=0,0,ABS(Dataset!E23-Dataset!E20)/(ABS(Dataset!E23)+ABS(Dataset!E20))),IF(ABS(Dataset!F23)+ABS(Dataset!F20)=0,0,ABS(Dataset!F23-Dataset!F20)/(ABS(Dataset!F23)+ABS(Dataset!F20))),IF(ABS(Dataset!G23)+ABS(Dataset!G20)=0,0,ABS(Dataset!G23-Dataset!G20)/(ABS(Dataset!G23)+ABS(Dataset!G20)))) -> 4.3294723 | C99: =SUM(IF(ABS(Dataset!B23)+ABS(Dataset!B21)=0,0,ABS(Dataset!B23-Dataset!B21)/(ABS(Dataset!B23)+ABS(Dataset!B21))),IF(ABS(Dataset!C23)+ABS(Dataset!C21)=0,0,ABS(Dataset!C23-Dataset!C21)/(ABS(Dataset!C23)+ABS(Dataset!C21))),IF(ABS(Dataset!D23)+ABS(Dataset!D21)=0,0,ABS(Dataset!D23-Dataset!D21)/(ABS(Dataset!D23)+ABS(Dataset!D21))),IF(ABS(Dataset!E23)+ABS(Dataset!E21)=0,0,ABS(Dataset!E23-Dataset!E21)/(ABS(Dataset!E23)+ABS(Dataset!E21))),IF(ABS(Dataset!F23)+ABS(Dataset!F21)=0,0,ABS(Dataset!F23-Dataset!F21)/(ABS(Dataset!F23)+ABS(Dataset!F21))),IF(ABS(Dataset!G23)+ABS(Dataset!G21)=0,0,ABS(Dataset!G23-Dataset!G21)/(ABS(Dataset!G23)+ABS(Dataset!G21)))) -> 1.896231 | D99: =SUM(IF(ABS(Dataset!B23)+ABS(Dataset!B22)=0,0,ABS(Dataset!B23-Dataset!B22)/(ABS(Dataset!B23)+ABS(Dataset!B22))),IF(ABS(Dataset!C23)+ABS(Dataset!C22)=0,0,ABS(Dataset!C23-Dataset!C22)/(ABS(Dataset!C23)+ABS(Dataset!C22))),IF(ABS(Dataset!D23)+ABS(Dataset!D22)=0,0,ABS(Dataset!D23-Dataset!D22)/(ABS(Dataset!D23)+ABS(Dataset!D22))),IF(ABS(Dataset!E23)+ABS(Dataset!E22)=0,0,ABS(Dataset!E23-Dataset!E22)/(ABS(Dataset!E23)+ABS(Dataset!E22))),IF(ABS(Dataset!F23)+ABS(Dataset!F22)=0,0,ABS(Dataset!F23-Dataset!F22)/(ABS(Dataset!F23)+ABS(Dataset!F22))),IF(ABS(Dataset!G23)+ABS(Dataset!G22)=0,0,ABS(Dataset!G23-Dataset!G22)/(ABS(Dataset!G23)+ABS(Dataset!G22)))) -> 2.2825586 | E99: =SUM(IF(ABS(Dataset!B23)+ABS(Dataset!B23)=0,0,ABS(Dataset!B23-Dataset!B23)/(ABS(Dataset!B23)+ABS(Dataset!B23))),IF(ABS(Dataset!C23)+ABS(Dataset!C23)=0,0,ABS(Dataset!C23-Dataset!C23)/(ABS(Dataset!C23)+ABS(Dataset!C23))),IF(ABS(Dataset!D23)+ABS(Dataset!D23)=0,0,ABS(Dataset!D23-Dataset!D23)/(ABS(Dataset!D23)+ABS(Dataset!D23))),IF(ABS(Dataset!E23)+ABS(Dataset!E23)=0,0,ABS(Dataset!E23-Dataset!E23)/(ABS(Dataset!E23)+ABS(Dataset!E23))),IF(ABS(Dataset!F23)+ABS(Dataset!F23)=0,0,ABS(Dataset!F23-Dataset!F23)/(ABS(Dataset!F23)+ABS(Dataset!F23))),IF(ABS(Dataset!G23)+ABS(Dataset!G23)=0,0,ABS(Dataset!G23-Dataset!G23)/(ABS(Dataset!G23)+ABS(Dataset!G23)))) -> 0 | F99: =SUM(IF(ABS(Dataset!B23)+ABS(Dataset!B24)=0,0,ABS(Dataset!B23-Dataset!B24)/(ABS(Dataset!B23)+ABS(Dataset!B24))),IF(ABS(Dataset!C23)+ABS(Dataset!C24)=0,0,ABS(Dataset!C23-Dataset!C24)/(ABS(Dataset!C23)+ABS(Dataset!C24))),IF(ABS(Dataset!D23)+ABS(Dataset!D24)=0,0,ABS(Dataset!D23-Dataset!D24)/(ABS(Dataset!D23)+ABS(Dataset!D24))),IF(ABS(Dataset!E23)+ABS(Dataset!E24)=0,0,ABS(Dataset!E23-Dataset!E24)/(ABS(Dataset!E23)+ABS(Dataset!E24))),IF(ABS(Dataset!F23)+ABS(Dataset!F24)=0,0,ABS(Dataset!F23-Dataset!F24)/(ABS(Dataset!F23)+ABS(Dataset!F24))),IF(ABS(Dataset!G23)+ABS(Dataset!G24)=0,0,ABS(Dataset!G23-Dataset!G24)/(ABS(Dataset!G23)+ABS(Dataset!G24)))) -> 2.6733656 | G99: =SUM(IF(ABS(Dataset!B23)+ABS(Dataset!B25)=0,0,ABS(Dataset!B23-Dataset!B25)/(ABS(Dataset!B23)+ABS(Dataset!B25))),IF(ABS(Dataset!C23)+ABS(Dataset!C25)=0,0,ABS(Dataset!C23-Dataset!C25)/(ABS(Dataset!C23)+ABS(Dataset!C25))),IF(ABS(Dataset!D23)+ABS(Dataset!D25)=0,0,ABS(Dataset!D23-Dataset!D25)/(ABS(Dataset!D23)+ABS(Dataset!D25))),IF(ABS(Dataset!E23)+ABS(Dataset!E25)=0,0,ABS(Dataset!E23-Dataset!E25)/(ABS(Dataset!E23)+ABS(Dataset!E25))),IF(ABS(Dataset!F23)+ABS(Dataset!F25)=0,0,ABS(Dataset!F23-Dataset!F25)/(ABS(Dataset!F23)+ABS(Dataset!F25))),IF(ABS(Dataset!G23)+ABS(Dataset!G25)=0,0,ABS(Dataset!G23-Dataset!G25)/(ABS(Dataset!G23)+ABS(Dataset!G25)))) -> 1.4174416 | H99: =SUM(IF(ABS(Dataset!B23)+ABS(Dataset!B26)=0,0,ABS(Dataset!B23-Dataset!B26)/(ABS(Dataset!B23)+ABS(Dataset!B26))),IF(ABS(Dataset!C23)+ABS(Dataset!C26)=0,0,ABS(Dataset!C23-Dataset!C26)/(ABS(Dataset!C23)+ABS(Dataset!C26))),IF(ABS(Dataset!D23)+ABS(Dataset!D26)=0,0,ABS(Dataset!D23-Dataset!D26)/(ABS(Dataset!D23)+ABS(Dataset!D26))),IF(ABS(Dataset!E23)+ABS(Dataset!E26)=0,0,ABS(Dataset!E23-Dataset!E26)/(ABS(Dataset!E23)+ABS(Dataset!E26))),IF(ABS(Dataset!F23)+ABS(Dataset!F26)=0,0,ABS(Dataset!F23-Dataset!F26)/(ABS(Dataset!F23)+ABS(Dataset!F26))),IF(ABS(Dataset!G23)+ABS(Dataset!G26)=0,0,ABS(Dataset!G23-Dataset!G26)/(ABS(Dataset!G23)+ABS(Dataset!G26)))) -> 3.3732877 | I99: =SUM(IF(ABS(Dataset!B23)+ABS(Dataset!B27)=0,0,ABS(Dataset!B23-Dataset!B27)/(ABS(Dataset!B23)+ABS(Dataset!B27))),IF(ABS(Dataset!C23)+ABS(Dataset!C27)=0,0,ABS(Dataset!C23-Dataset!C27)/(ABS(Dataset!C23)+ABS(Dataset!C27))),IF(ABS(Dataset!D23)+ABS(Dataset!D27)=0,0,ABS(Dataset!D23-Dataset!D27)/(ABS(Dataset!D23)+ABS(Dataset!D27))),IF(ABS(Dataset!E23)+ABS(Dataset!E27)=0,0,ABS(Dataset!E23-Dataset!E27)/(ABS(Dataset!E23)+ABS(Dataset!E27))),IF(ABS(Dataset!F23)+ABS(Dataset!F27)=0,0,ABS(Dataset!F23-Dataset!F27)/(ABS(Dataset!F23)+ABS(Dataset!F27))),IF(ABS(Dataset!G23)+ABS(Dataset!G27)=0,0,ABS(Dataset!G23-Dataset!G27)/(ABS(Dataset!G23)+ABS(Dataset!G27)))) -> 1.5724314 | J99: =SUM(IF(ABS(Dataset!B23)+ABS(Dataset!B28)=0,0,ABS(Dataset!B23-Dataset!B28)/(ABS(Dataset!B23)+ABS(Dataset!B28))),IF(ABS(Dataset!C23)+ABS(Dataset!C28)=0,0,ABS(Dataset!C23-Dataset!C28)/(ABS(Dataset!C23)+ABS(Dataset!C28))),IF(ABS(Dataset!D23)+ABS(Dataset!D28)=0,0,ABS(Dataset!D23-Dataset!D28)/(ABS(Dataset!D23)+ABS(Dataset!D28))),IF(ABS(Dataset!E23)+ABS(Dataset!E28)=0,0,ABS(Dataset!E23-Dataset!E28)/(ABS(Dataset!E23)+ABS(Dataset!E28))),IF(ABS(Dataset!F23)+ABS(Dataset!F28)=0,0,ABS(Dataset!F23-Dataset!F28)/(ABS(Dataset!F23)+ABS(Dataset!F28))),IF(ABS(Dataset!G23)+ABS(Dataset!G28)=0,0,ABS(Dataset!G23-Dataset!G28)/(ABS(Dataset!G23)+ABS(Dataset!G28)))) -> 2.7722665 | K99: =SUM(IF(ABS(Dataset!B23)+ABS(Dataset!B29)=0,0,ABS(Dataset!B23-Dataset!B29)/(ABS(Dataset!B23)+ABS(Dataset!B29))),IF(ABS(Dataset!C23)+ABS(Dataset!C29)=0,0,ABS(Dataset!C23-Dataset!C29)/(ABS(Dataset!C23)+ABS(Dataset!C29))),IF(ABS(Dataset!D23)+ABS(Dataset!D29)=0,0,ABS(Dataset!D23-Dataset!D29)/(ABS(Dataset!D23)+ABS(Dataset!D29))),IF(ABS(Dataset!E23)+ABS(Dataset!E29)=0,0,ABS(Dataset!E23-Dataset!E29)/(ABS(Dataset!E23)+ABS(Dataset!E29))),IF(ABS(Dataset!F23)+ABS(Dataset!F29)=0,0,ABS(Dataset!F23-Dataset!F29)/(ABS(Dataset!F23)+ABS(Dataset!F29))),IF(ABS(Dataset!G23)+ABS(Dataset!G29)=0,0,ABS(Dataset!G23-Dataset!G29)/(ABS(Dataset!G23)+ABS(Dataset!G29)))) -> 2.7102453
